name,address,location,phone,error,operator
עכו לאומית,עכו לוחמי הגיטאות  23,"32.9283353,35.0728726",04-9559405,False,משרד הבריאות
עראבה א',עראבה עראבה ,"32.85421,35.33339",04-6749852,False,משרד הבריאות
עראבה ב',עראבה עראבה ,"32.85421,35.33339",04-6743441,False,משרד הבריאות
עראבה ג',עראבה עראבה ,"32.85421,35.33339",04-6744184,False,משרד הבריאות
סחנין ד',סחנין סחנין ,"32.862983,35.292776",04-6746151,False,משרד הבריאות
סמיע,סמיע סמיע ,"0,0",04-9979869,True,משרד הבריאות
עבלין א,עבלין עבלין ,"32.822533,35.192265",04-9866024,False,משרד הבריאות
עבלין ב',עבלין עבלין ,"32.822533,35.192265",04-9502339,False,משרד הבריאות
הסוללים,הסוללים  ,"29.597077,34.969648",04-6406511,False,קופת חולים כללית
חיספין,חיספין חיספין ,"0,0",04-6763170,True,קופת חולים כללית
עראבה ד',עראבה עראבה ,"32.85421,35.33339",04-6742650,False,משרד הבריאות
שדה בוקר מדרשה,ד.נ. רמת הנגב שדה בוקר ,"0,0",08-6532837,True,קופת חולים כללית
טירת צבי,טירת צבי ד.נ בית שאן ,"32.422486,35.52832",04-6078923,False,קופת חולים כללית
יונתן,יונתן ד.נ רמת הגולן ,"31.891692,34.916063",04-6960356,False,קופת חולים כללית
שואבה,שואבה ד.נ. יהודה 90855 ,"31.799369,35.079003",02-9941169,False,קופת חולים כללית
קבוצת יבנה,יבנה ד.נ אבטח ,"31.877958,34.739449",08-8548391,False,קופת חולים כללית
נאות אשכול,יבנה אבו חצירה   1,"31.8736709,34.7464448",08-9436565,False,קופת חולים כללית
הדקל,יבנה דקל   6,"31.8752759,34.7385868",08-9437528,False,קופת חולים כללית
טל שחר,טל שחר ד.נ עמק שורק ,"31.804404,34.903272",08-9348770,False,קופת חולים כללית
שקף,שקף מושב שקף ,"31.507514,34.943171",050-8806322,False,קופת חולים מכבי
שדה בוקר  ,שדה בוקר  מכללת בן גוריון ,"0,0",08-6261450,True,קופת חולים מכבי
גפן,גפן ד.נ האלה ,"31.811324,34.791967",08-8503184,False,קופת חולים כללית
גן יבנה,גן יבנה הרצל  41,"31.7818759,34.7051899",08-8574131,False,קופת חולים כללית
גדרה,גדרה ויצמן  8,"31.8185403,34.7746263",08-8593322,False,קופת חולים כללית
גבעת ברנר,גבעת ברנר קיבוץ גבעת ברנר ,"31.860451,34.807673",08-9443555,False,קופת חולים כללית
טירה צפון,טירה טירה ,"32.227365,34.941904",09-7930594,False,קופת חולים כללית
חרוצים-בצרה,חרוצים-בצרה ד.נ חוף השרון ,"32.210461,34.883893",09-7484634,False,קופת חולים כללית
החותרים,החותרים ד.נ חוף הכרמל ,"29.559833,34.93543",04-8571610,False,קופת חולים כללית
בוסתן הגליל,בוסתן הגליל ד.נ אושרת ,"32.948636,35.080688",04-9819411,False,קופת חולים כללית
קרית ספר,קרית ספר מסילת יוסף  מודיעין עילית 34,"31.9297051,35.0435471",08-9740318,False,קופת חולים כללית
פסגת זאב,פסגת זאב חיים תורן   45,"31.8199471,35.2443691",02-5940482,False,קופת חולים מכבי
המעפיל,המעפיל ד.נ עמק חפר ,"32.378035,34.983146",04-6367009,False,קופת חולים כללית
קריית ספר גבעה דרומית,מודיעין עילית קרית ספר נתובות המשפט 90,"31.9249773,35.0417622",08-9142000,False,קופת חולים מכבי
גבעתיים,גבעתים בן גוריון  182,"32.0747065,34.8184752",03-5734620,False,קופת חולים מכבי
אור יהודה,אור יהודה אופירה  1,"32.0274752,34.8648857",03-5387222,False,קופת חולים מכבי
כרמיאל רמת רבין,כרמיאל חטיבת גבעתי  27,"32.9065924,35.2810353",04-9589170,False,קופת חולים כללית
געש,געש קיבוץ געש ,"32.228006,34.824357",09-9521152,False,קופת חולים כללית
בית ג'אן ב',בית ג'אן בית ג'אן ,"0,0",04-9803281,True,משרד הבריאות
בענה,בענה בענה ,"32.932673,35.27441",04-9988464,False,משרד הבריאות
ביר אל מקסור,ביר אל-מקסור ביר אל מקסור ,"32.772294,35.214565",04-9866202,False,משרד הבריאות
בית ג'אן אי+ג',בית ג'אן בית ג'אן ,"0,0",04-9802932,True,משרד הבריאות
אבו סנאן ד,אבו סנאן אבו סנאן ,"32.959529,35.168596",04-9966757,False,משרד הבריאות
ביר אל מקסור מקמן,ביר אל-מקסור ביר אל מקסור ,"32.772294,35.214565",04-9502842,False,משרד הבריאות
אבו סנאן א,אבו סנאן אבו סנאן ,"32.959529,35.168596",04-9965339,False,משרד הבריאות
אבו סנאן ג,אבו סנאן אבו סנאן ,"32.959529,35.168596",04-9964520,False,משרד הבריאות
ריינה ב',ריינה ריינה ,"32.722501,35.31532",04-6470645,False,משרד הבריאות
ריינה ג',ריינה ריינה ,"32.722501,35.31532",04-6469005,False,משרד הבריאות
אילון,אילון ד.נ גליל מערבי ,"32.092142,34.980043",04-9858222,False,קופת חולים כללית
איבטין,איבטין איבטין ,"32.761542,35.111591",04-8870530,False,קופת חולים כללית
אפק,אפק ד.נ אפק ,"32.090165,34.946501",04-8784088,False,קופת חולים כללית
אלקוש,אלקוש ד.נ מעלה הגליל ,"33.034294,35.326348",04-9870449,False,קופת חולים כללית
בייליס,פתח תקוה בייליס  14,"32.0945052,34.8814461",03-9309614,False,משרד הבריאות
אם המושבות,פתח תקוה נס ציונה  5,"32.1025886,34.8732684",03-9241885,False,משרד הבריאות
בן עמי,בן עמי ד.נ אושרת ,"32.922845,35.088755",04-9823029,False,קופת חולים כללית
בית העמק,בית העמק מעלה הגליל ,"0,0",04-9960666,True,קופת חולים כללית
כפר קאסם א',כפר קאסם סולטאני ,"32.116537,34.972036",03-9071834,False,משרד הבריאות
כפר ברא,כפר ברא קובה ,"32.131229,34.969199",03-9021271,False,משרד הבריאות
אל עמל,כפר קאסם בלאל בן ראבח ,"32.114093,34.972767",03-9071591,False,משרד הבריאות
אחד העם,פתח תקוה אחד העם  33,"32.0842581,34.8877808",03-9315212,False,משרד הבריאות
ג'לג'וליה,ג'לג'וליה 131 24,"32.1553408,34.9521263",03-9396237,False,משרד הבריאות
אלעד ב',אלעד רבי מאיר   11,"0,0",03-9320759,True,משרד הבריאות
הוד השרון,הוד השרון הבנים  14,"32.1557441,34.8911331",09-7469266,False,משרד הבריאות
גבעת שמואל,גבעת שמואל דוד אלעזר  6,"32.0797073,34.8469516",03-5322664,False,משרד הבריאות
נווה עובד,פוריה נווה עובד ,"32.743763,35.53811",04-6752043,False,משרד הבריאות
טורעאן א',טורעאן טורעאן ,"32.776852,35.371433",04-6517808,False,משרד הבריאות
טורעאן ב',טורעאן טורעאן ,"32.776852,35.371433",04-6411451,False,משרד הבריאות
יפיע א',יפיע יפיע ,"32.685898,35.277373",04-6011847,False,משרד הבריאות
יפיע ב',יפיע יפיע ,"32.685898,35.277373",04-6010959,False,משרד הבריאות
כנא א',כפר כנא כפר כנא ,"32.742325,35.347232",04-6517277,False,משרד הבריאות
כנא ב',כפר כנא כפר כנא ,"32.742325,35.347232",04-6411782,False,משרד הבריאות
כנא ג',כפר כנא כפר כנא ,"32.742325,35.347232",04-6419167,False,משרד הבריאות
משהד,משהד כפר משהד ,"0,0",04-6519510,True,משרד הבריאות
תחנה ב' נצרת,נצרת שכ' הפועלים ,"32.699635,35.303546",04-6463991,False,משרד הבריאות
כוכב יאיר-צור יגאל,כוכב יאיר א.ת. מצפה ספיר ,"32.220922,34.992405",09-7494711,False,קופת חולים מכבי
שוהם,שוהם שד' עמק איילון   30,"0,0",03-9724417,True,קופת חולים מכבי
ברור חיל,ברור חיל ד.נ חוף אשקלון ,"31.556985,34.646547",08-6803661,False,קופת חולים כללית
גבים,גבים ד.נ חוף אשקלון ,"31.506273,34.598949",08-6802100,False,קופת חולים כללית
גל און,גל און ד.נ שדה גת ,"31.6390305,34.8082518",08-6872406,False,קופת חולים כללית
בית גוברין,בית גוברין ד.נ לכיש דרום ,"32.128959,34.853288",08-6874219,False,קופת חולים כללית
בית ניר,בית ניר שד.נ שדה גת ,"32.336581,35.01507",08-6874316,False,קופת חולים כללית
בית קמה,בית קמה ד.נ הנגב ,"31.446566,34.762248",08-9915222,False,קופת חולים כללית
כרמיאל,כרמיאל  בית הכרם  16,"32.9114616,35.286025",04-9087111,False,קופת חולים מאוחדת
געתון,געתון ד.נ גליל מערבי ,"33.006075,35.213831",04-7858415,False,קופת חולים כללית
עכו,עכו בן עמי 39,"32.9262348,35.0759204",04-9017106,False,קופת חולים מאוחדת
גת,גת ד.נ שדה גת ,"31.609887,34.763232",08-6871281,False,קופת חולים כללית
דביר,דביר ד.נ הנגב ,"31.813797,35.392288",08-9111222,False,קופת חולים כללית
גני תקוה,גני תקוה הרי יהודה 52,"32.0610828,34.8704551",03-5349546,False,לאומית שרותי בריאות
גבעת זאב,גבעת זאב המכבים 48,"31.8643615,35.1676988",02-5360336,False,קופת חולים מאוחדת
מודיעין,מודיעין בניין אלעזר קניון עזריאלי ,"0,0",08-9737004,True,קופת חולים מאוחדת
קרית שרת,חולון הר הצופים  6,"32.0078425,34.7931666",03-5500838,False,משרד הבריאות
הצפירה,חולון יא' באדר  2,"32.015833,34.787384",03-6512520,False,משרד הבריאות
בר-לב קרית בן-גוריון,חולון משעול יהלום  6,"32.015833,34.787384",03-5540591,False,משרד הבריאות
גלעד,בת ים בלפור  152,"32.0116902,34.7419319",03-5526771,False,משרד הבריאות
נוה רמז,חולון ביאליק  166/164,"32.0083512,34.7709408",03-6514113,False,משרד הבריאות
נוה ארזים,חולון הנביאים  30,"32.0159789,34.791377",03-5504888,False,משרד הבריאות
נאות רחל,חולון אורים  5,"32.0198778,34.7625002",03-6510397,False,משרד הבריאות
יטבתה,חולון יטבתה 9 א,"32.0087117,34.7622775",03-5045462,False,משרד הבריאות
מושבה,פרדס חנה-כרכור מעלה  35,"32.473123,34.967869",077-3378842,False,משרד הבריאות
נוה מרחב,פרדס חנה-כרכור עציון פינת דביר ,"32.470011,34.962645",077-7292652,False,משרד הבריאות
מעוויה,מעוויה מעוויה ,"32.531943,35.102853",04-6351858,False,משרד הבריאות
עין אברהים,עין אברהים עין אברהים ,"32.535879,35.145327",04-6316730,False,משרד הבריאות
מוסמוס,מוסמוס מוסמוס ,"32.541388,35.155968",04-6311384,False,משרד הבריאות
מיסר,מיסר מיסר ,"32.443859,35.042545",04-6381447,False,משרד הבריאות
ערערה א,ערערה ערערה ,"32.49663,35.098052",04-6351106,False,משרד הבריאות
עין אסהלה,עין אסהלה עין אסהלה ,"0,0",04-6254811,True,משרד הבריאות
ערה,ערה ערה ,"0,0",077-9616867,True,משרד הבריאות
ברקאי,ברקאי ד.נ מנשה ,"32.476096,35.031044",04-6387133,False,קופת חולים כללית
בת חפר,בת חפר ת.ד 1047 ,"32.333714,35.013729",09-8782138,False,קופת חולים כללית
דימונה א',דימונה שבעת המינים ,"31.065377,35.026881",08-6559381,False,משרד הבריאות
גינות שומרון,גינות שומרון האלון   9,"32.1711322,35.0861699",09-7920135,False,קופת חולים כללית
גבעת חיים איחוד,גבעת חיים איחוד ד.נ עמק חפר ,"32.396745,34.932978",04-6369525,False,קופת חולים כללית
גבעת חיים מאוחד,גבעת חיים מאוחד ד.נ עמק חפר ,"32.392148,34.929447",04-6368493,False,קופת חולים כללית
לקייה א',לקייה לקייה ,"31.324603,34.868095",08-6517479,False,משרד הבריאות
כסייפה,כסייפה כסייפה ,"31.257458,35.088292",08-9955098,False,משרד הבריאות
ערוער ב',ערערה בנגב ערערה בנגב ,"31.16374,35.026053",08-9950069,False,משרד הבריאות
ערוער א',ערערה בנגב ערערה בנגב ,"31.16374,35.026053",08-9953217,False,משרד הבריאות
לקייה ב',לקייה לקייה  שכונה 11,"0,0",08-6512580,True,משרד הבריאות
תפרח,תפרח תפרח ,"31.325391,34.675289",08-9926056,False,משרד הבריאות
חורה ב',חורה חורה ,"31.284482,34.931704",08-6510980,False,משרד הבריאות
חורה א',חורה מרכז חורה ,"31.300399,34.935688",08-6518645,False,משרד הבריאות
עבדון,עבדון ד.נ גליל מערבי ,"33.048792,35.179128",04-9807720,False,קופת חולים כללית
הגושרים,ד.נ גליל עליון הגושרים ,"0,0",04-6956278,True,קופת חולים כללית
עברון,עברון ד.נ אושרת ,"32.991149,35.100031",04-9857888,False,קופת חולים כללית
טירה מרכז,טירה טירה ,"32.227365,34.941904",09-7931200,False,קופת חולים כללית
קשת,קשת ד.נ. רמת הגולן ,"32.003322,34.94915",04-6960518,False,קופת חולים כללית
מעפילים,בת ים מעפילים  16,"32.0265302,34.7558931",03-5073079,False,משרד הבריאות
חרושת,בת ים הנביאים  1 א,"32.0145571,34.7488475",03-5516865,False,משרד הבריאות
תבור,בת ים התבור  7,"32.0123846,34.7576846",03-5512327,False,משרד הבריאות
הבנים,בת ים הבנים  7,"32.0069193,34.7526262",03-5512816,False,משרד הבריאות
קדושי קהיר,בת ים קדושי קהיר  4,"32.0239159,34.7468179",03-5063536,False,משרד הבריאות
נויפלד,בני ברק נויפלד  15,"32.0968661,34.841098",03-5709720,False,משרד הבריאות
מצדה,בני ברק רבינוב 29,"32.0834059,34.8440067",03-5708223,False,משרד הבריאות
שיכון ו',בני ברק עמרם גאון  4,"32.0706459,34.8390835",03-6748930,False,משרד הבריאות
לנדאו,בני ברק לנדאו 4,"32.0325677,34.8392896",03-5704098,False,משרד הבריאות
וייצמן,כפר סבא וייצמן  83,"32.1761606,34.904818",09-7757900,False,לאומית שרותי בריאות
סחנין ג',סחנין סחנין ,"32.862983,35.292776",04-6743028,False,משרד הבריאות
סחנין ב',סחנין סחנין ,"32.862983,35.292776",04-6743551,False,משרד הבריאות
נחף ב,נחף נחף ,"32.934394,35.31837",04-9988084,False,משרד הבריאות
עומר,עומר רותם 10,"31.2657015,34.8490799",08-6253225,False,קופת חולים כללית
סחנין א,סחנין סחנין ,"32.862983,35.292776",04-6741103,False,משרד הבריאות
סג'ור,סג'ור סג'ור ,"32.936913,35.355971",04-9583250,False,משרד הבריאות
מעיליא,מעיליא מעיליא ,"33.0285276,35.2530036",04-9979745,False,משרד הבריאות
מזרעה,מזרע מזרעה ,"32.983652,35.098934",04-9829178,False,משרד הבריאות
נהריה,נהריה ויצמן  84,"33.0039104,35.092119",04-9921902,False,משרד הבריאות
מעלות,מעלות מעלות ,"33.014578,35.28277",04-9077003,False,משרד הבריאות
יקיר,יקיר ד.נ. לב השומרון ,"32.149831,35.114631",09-7923461,False,לאומית שרותי בריאות
יזרע אל,יזרע אל ד.נ יזרעאל ,"32.707505,35.128855",04-6598000,False,קופת חולים כללית
משגב עם,משגב עם ד.נ גליל עליון ,"32.041936,34.774165",04-6953126,False,קופת חולים כללית
נאות מרדכי,נאות מרדכי ד.נ גליל עליון ,"33.159785,35.595602",04-6948121,False,קופת חולים כללית
מסילות,מסילות ד.נ בית שאן ,"32.497362,35.474651",04-6066400,False,קופת חולים כללית
מעוז חיים,מעוז חיים ד.נ בית שאן ,"32.49407,35.550767",04-6064750,False,קופת חולים כללית
מעלה גלבוע,מעלה גלבוע ד.נ גלבוע ,"32.476065,35.420637",04-6067506,False,קופת חולים כללית
יפעת,יפעת ד.נ עמק יזרעאל ,"32.675853,35.223982",04-6548983,False,קופת חולים כללית
נהלל,נהלל ד.נ עמק יזרעאל ,"32.690807,35.19609",04-6515012,False,קופת חולים כללית
אורנית,אורנית מרכז מסחרי ראש העין ,"32.116965,34.980543",03-9360111,False,קופת חולים כללית
אשדוד  ו',אשדוד חיים חורי  5,"31.7962873,34.6563919",08-8553707,False,משרד הבריאות
מנרה,מנרה ד.נ גליל עליון ,"0,0",04-6908101,True,קופת חולים כללית
קרע ג,כפר קרע כפר קרע ,"32.497446,35.063863",04-6358076,False,משרד הבריאות
קרע ב,כפר קרע כפר קרע ,"32.497446,35.063863",077-4030677,False,משרד הבריאות
מחולה,מחולה ד.נ בית שאן ,"32.365285,35.51602",04-6480115,False,קופת חולים כללית
גזית,חדרה הנציב  28,"32.4383368,34.9080888",077-9332283,False,משרד הבריאות
ביאליק,חדרה ביאליק  33,"32.4329244,34.916025",077-7501923,False,משרד הבריאות
בית אליעזר ב,חדרה הפרדס  7,"32.388796,34.909733",077-2101152,False,משרד הבריאות
מרכז קליטה,קיבוץ בית אלפא מרכז קליטה קיבוץ בית אלפא ,"0,0",04-6070212,True,משרד הבריאות
אולגה א',"חדרה ""הראשונים , גבעת אולגה"" 5","32.4431419,34.8868778",04-6337867,False,משרד הבריאות
נוה חיים,חדרה אהרונוביץ ,"32.448193,34.906715",077-2031327,False,משרד הבריאות
מרגלית בית שמש,בית שמש מעפילי אגוז 26,"31.7371277,34.9924143",02-6312278,False,משרד הבריאות
מכבי טף באר שבע,באר שבע נווה זאב שד' יוהנה ז'בוטינסקי  30,"0,0",08-6416622,True,קופת חולים מכבי
חפציבה,חפציבה ד.נ גלבוע ,"32.310099,34.88593",04-6534100,False,קופת חולים כללית
קרית אונו,קרית אונו ירושלים (קניון קרית אונו) 39,"32.055458,34.862189",03-5304111,False,קופת חולים מכבי
הרובע היהודי,ירושלים פלוגת הכותל 7,"31.7760666,35.2316284",02-5343027,False,עיריית ירושלים
שוהם,שוהם שד' עמק אילון  30,"32.005389,34.946584",03-9793323,False,קופת חולים כללית
שעלבים+ נוף אילון,שעלבים+ נוף אילון ד.נ שמשון ,"31.869234,34.988043",08-9790098,False,קופת חולים כללית
סילואן,ירושלים שכונת אל עבסייה ,"31.768319,35.21371",02-5612761,False,עיריית ירושלים
ניר ישראל,ניר ישראל ד.נ שדה גת ,"31.728214,34.751889",08-6724650,False,קופת חולים כללית
ניר יצחק,ניר יצחק ד.נ הנגב ,"31.23604,34.356702",08-9983427,False,קופת חולים כללית
גיורא,אור יהודה דוד אלעזר   21,"32.0282154,34.8651328",03-5339378,False,קופת חולים כללית
ניצן,ניצן  ,"32.026042,34.872736",,False,קופת חולים כללית
נחל עוז,נחל עוז ד.נ הנגב ,"31.47268,34.497675",08-6805214,False,קופת חולים כללית
ניצנים,ניצנים ד.נ אבטח ,"31.717845,34.634636",08-6729463,False,קופת חולים כללית
ניצנה,ניצנה ד.נ חלוצה ,"30.8851,34.4219972",08-6561460,False,קופת חולים כללית
נאות כיכר,נאות כיכר ד.נ. ים המלח ,"30.933368,35.378126",08-6555565,False,קופת חולים כללית
אדם,אדם הרדוף הנחלים 1,"0,0",02-6563535,True,קופת חולים כללית
מרכז נהורה,נהורה ד.נ. לכיש דרום ,"31.621321,34.704496",08-6622222,False,קופת חולים כללית
נגבה,נגבה ד.נ לכיש צפון ,"31.966266,34.779468",08-6774905,False,קופת חולים כללית
גבעת הזיתים,לוד חללי מינכן  8,"31.9467364,34.8951784",08-9246507,False,משרד הבריאות
שרת,"לוד ""שכונת שרת, ספרן "" 1","31.951014,34.888075",08-9231222,False,משרד הבריאות
ג'ואריש,רמלה כפר ג'ואריש ,"31.931566,34.872938",08-9221134,False,משרד הבריאות
גני אביב,לוד צמרות  7,"31.9577629,34.881171",08-9227239,False,משרד הבריאות
חבד,כפר חבד כפר חבד ,"31.991316,34.849576",03-9606993,False,משרד הבריאות
האורנים,לוד איינשטיין  20,"31.947759,34.8825244",08-9230133,False,משרד הבריאות
קרית משה,רחובות סטולבוב   8,"31.888304,34.789089",08-9465910,False,משרד הבריאות
שעריים,רחובות שבזי   14,"31.8719497,34.7451658",08-9458572,False,משרד הבריאות
באר יעקב,באר יעקב יהודה  7,"31.9446478,34.8376709",08-9282168,False,משרד הבריאות
בית דגן,בית דגן מנחם בגין  25,"32.002902,34.8325189",03-9600847,False,משרד הבריאות
המוביל,טירה המוביל 20,"32.236176,34.944207",09-7909300,False,קופת חולים מכבי
מרכז ספיר,מצפה ספיר צור יגאל מרכז ספיר ,"0,0",09-7494711,True,קופת חולים מכבי
הנצח,רמת השרון הנצח  3,"32.138056,34.8437686",03-5484646,False,קופת חולים מכבי
אחוזה - מרגלית,רעננה אחוזה 124,"32.1807766,34.8737099",09-7470777,False,קופת חולים מכבי
תל מונד,תל מונד השקד 4,"32.2577207,34.9193366",09-7774600,False,קופת חולים מכבי
אפרת,אפרת ת.ד. 1041 ,"31.653589,35.149934",02-9932140,False,קופת חולים מכבי
ברכפלד,מודיעין עילית שד' יחזקאל  2,"31.932477,35.042265",08-9132111,False,קופת חולים מכבי
מעלה אדומים,מעלה אדומים כיכר היהלום  891,"31.773363,35.29812",02-5913200,False,קופת חולים מכבי
בית אריה,בית אריה ד.נ. מודיעין ,"32.040059,35.049472",08-9770800,False,לאומית שרותי בריאות
אשדוד  א',אשדוד  שבי ציון  14,"31.8077975,34.6472683",08-8523739,False,משרד הבריאות
כפר המכבי,כפר המכבי כפר המכבי ,"32.791796,35.117251",04-8458745,False,קופת חולים כללית
צור שלום,קרית ביאליק בורלא  7,"32.8604574,35.0983377",04-8764367,False,משרד הבריאות
"קק""ל","קרית ביאליק ""קק""ל "" 75","32.8301888,35.0787033",04-8724447,False,משרד הבריאות
השקדים,קרית ביאליק השקדים  5,"32.8349445,35.089647",04-8761327,False,משרד הבריאות
בן עמי,קרית אתא בן עמי  16,"32.8110168,35.1267275",04-8444647,False,משרד הבריאות
פינסקר,קרית אתא פינסקר  11,"32.8079169,35.1069703",077-7292567,False,משרד הבריאות
עוספיה ב' מזרחית,עוספיה כפר עוספיה ,"0,0",04-8390069,True,משרד הבריאות
יוספטל,קרית אתא רח' יוספטל  56,"0,0",077-7840979,True,משרד הבריאות
יקנעם עלית,יקנעם עלית הנוריו   2,"32.6584749,35.1091214",04-9090300,False,קופת חולים כללית
כברי,כברי ד.נ גליל מערבי ,"32.826712,35.063981",04-9952644,False,קופת חולים כללית
יסעור,יסעור ד.נ משגב ,"32.27496,34.936974",04-9960222,False,קופת חולים כללית
יקנעם אלונים,יקנעם אלונים יער אודם   20,"32.6368207,35.0885149",04-9937084,False,קופת חולים כללית
כפר מסריק,כפר מסריק ד.נ אושרת ,"32.891218,35.098414",04-9854143,False,קופת חולים כללית
כרמיאל דרום,כרמיאל חבצלת 2 כרמיאל 2,"32.906762,35.2991182",04-9883270,False,קופת חולים כללית
קרית בנימין,קרית בנימין  קיבוץ גלויות ,"32.802956,35.093039",04-8448396,False,משרד הבריאות
קרית חיים מערבית,קרית חיים ש' דגניה  30,"0,0",077-7041319,True,משרד הבריאות
רמת אביב ג',רמת אביב אחימאיר אבא   26,"32.1244953,34.8036781",03-7450400,False,לאומית שרותי בריאות
גוטפריד,הרצליה טשרניחובסקי   4,"32.1687182,34.8420428",09-9594555,False,קופת חולים כללית
קדומים,קדומים יהלום  3,"32.2119197,35.1612974",09-7922088,False,לאומית שרותי בריאות
רמת הכובש,רמת הכובש קיבוץ רמת הכובש ,"32.217843,34.938744",09-7474509,False,קופת חולים כללית
פדואל,פדואל ד. נ. מודיעין ,"0,0",03-9329769,True,לאומית שרותי בריאות
עמנואל,עמנואל ד.נ. לב השומרון ,"32.160688,35.136036",09-7921484,False,לאומית שרותי בריאות
קציר,קציר ד.נ מנשה ,"31.68866,34.732838",04-6253595,False,קופת חולים כללית
קרני שומרון,קרני שומרון קיבוץ גלויות   16,"32.1703553,35.0968883",09-7929116,False,קופת חולים כללית
קדומים,קדומים ד.נ שומרון ,"32.181768,34.934361",09-7921311,False,קופת חולים כללית
קדימה,קדימה בן צבי ,"32.277811,34.911157",09-8990603,False,קופת חולים כללית
צור יגאל,"צור יגאל ""שד' הדקלים, צור יגאל"" ","0,0",09-7494960,True,קופת חולים כללית
צורן,צורן דרך לב השרון  41,"32.2876971,34.9458487",09-8949859,False,קופת חולים כללית
עין שמר,עין שמר ד.נ מנשה ,"32.461917,35.00673",04-6374161,False,קופת חולים כללית
עמנואל,"עמנואל ""כיכר הרמב""ם"" ","32.161274,35.136401",09-7925227,False,קופת חולים כללית
עין החורש,עין החורש ד.נ עמק חפר ,"32.385871,34.939994",04-6127377,False,קופת חולים כללית
עינת,עינת קיבוץ עינת ,"32.084292,34.941303",03-9385175,False,קופת חולים כללית
מודיעין עילית גרין פארק,מודיעין עילית גרין פארק הרב מפונוסיץ  3,"31.932477,35.042265",08-6486311,False,קופת חולים מאוחדת
מצפה שלם,מצפה שלם ד.נ ים המלח ,"31.568875,35.400367",02-9945400,False,קופת חולים כללית
מודיעין עילית ברכפלד,מודיעין עילית ברכפלד רבי עקיבא 3,"31.9397853,35.0386318",08-9743667,False,קופת חולים מאוחדת
כפר עציון,כפר עציון ד.נ ערי חברון ,"31.745413,35.222489",02-9935138,False,קופת חולים כללית
מצפה יריחו,מצפה יריחו ד.נ חבל יריחו ,"31.815688,35.395409",02-5353411,False,קופת חולים כללית
מעלה אפריים,מעלה אפרים ד.נ מזרח בנימין ,"32.071304,35.4039",02-9941674,False,קופת חולים כללית
אדם,אדם סביון  52,"32.7791169,35.0153125",02-5855779,False,קופת חולים מאוחדת
קרית גת,קרית גת גאון הירדן 41,"31.6103922,34.7547519",08-6815314,False,קופת חולים מאוחדת
כפר חסידים,כפר חסידים הקמה  1,"32.752262,35.094212",04-9849211,False,קופת חולים מאוחדת
כפר ורדים ,כפר ורדים דרך הגליל מרכז מסחרי כ. ורדים ,"32.999165,35.273116",050-2081627,False,קופת חולים מאוחדת
נאות פסגה,מודיעין עילית  ,"31.932477,35.042265",08-9285330,False,קופת חולים כללית
מגדים,מגדים ד.נ חוף הכרמל ,"32.727734,34.960923",04-8574882,False,קופת חולים כללית
חורפיש ב,חורפיש חורפיש ,"33.018769,35.349138",04-9971555,False,משרד הבריאות
רוממה,חיפה שיקמה  29,"32.7852794,34.9960916",04-8256140,False,משרד הבריאות
קרית שמואל,חיפה שד' ורבורג  114,"0,0",04-8759759,True,משרד הבריאות
קרית אליעזר,חיפה  המעפילים  1,"32.8235274,34.9826932",077-7570962,False,משרד הבריאות
הורדים,נשר הורדים  רמות יצחק 22,"32.769198,35.0384725",04-8218214,False,משרד הבריאות
טירת בן צבי,טירת הכרמל שדרות בן צבי 22,"32.762127,34.97298",04-8573068,False,משרד הבריאות
 עמידר,טירת הכרמל הרב ווינרוב  26,"32.7616469,34.9712392",04-8571703,False,משרד הבריאות
הנביאים,חיפה הנביאים  8,"32.8140769,34.9966381",04-8622973,False,משרד הבריאות
יד אליהו,תל אביב - יפו דוידקה     18,"32.0548879,34.792816",03-7302367,False,עיריית תל אביב
קינג ג'ורג',תל אביב - יפו קינג ג'ורג'  33,"32.0720528,34.7736066",03-7240366,False,עיריית תל אביב
עוספיה א',עוספיה כפר עוספיה ,"0,0",04-8391813,True,משרד הבריאות
התפוז ,נשר התפוז  רמות יצחק  23,"32.7687076,35.0326339",077-5252172,False,משרד הבריאות
הר  נוף,ירושלים אגסי 10,"31.7856626,35.1751586",02-5456261,False,עיריית ירושלים
הר חומה,ירושלים שאול אביגור  7,"31.7237274,35.2195731",02-6724714,False,עיריית ירושלים
תחנת יפו ג',תל אביב - יפו עירית   17,"32.0357281,34.7499711",03-6596773,False,עיריית תל אביב
בית שטראוס,תל אביב - יפו בלפור  14,"32.0676064,34.7741299",03-5643444,False,עיריית תל אביב
תחנה יד',באר שבע סנהדרין   113,"31.2689761,34.7878402",08-6413897,False,משרד הבריאות
טבנקין,באר שבע טבנקין ,"31.255057,34.773988",08-6411166,False,משרד הבריאות
אבורביע,"באר שבע ""שלושת בני עין חרוד- רמב""ם"" 1","31.252973,34.791462",08-6233853,False,משרד הבריאות
יונתן,"באר שבע ""רד""ק"" 21","31.2563399,34.7725246",08-6419677,False,משרד הבריאות
אילת ה',אילת שכונת צאלים ,"29.557669,34.951925",08-6318353,False,משרד הבריאות
תחנה ג',באר שבע וינגייט  8,"31.256477,34.8095024",08-6233875,False,משרד הבריאות
תחנה ו',באר שבע הוברמן  7,"31.2534438,34.7904054",08-6433511,False,משרד הבריאות
תחנה ט',באר שבע שדרות ירושלים 32,"31.2460343,34.7774555",08-6109243,False,משרד הבריאות
שכונת אליעזר,כפר סבא שד' מנחם בגין   2,"0,0",09-7419771,True,קופת חולים כללית
רמות,באר שבע רוברטו 'ברני (מקלט) 5,"31.252973,34.791462",08-6481257,False,משרד הבריאות
נחל-בקע,באר שבע גיבתון-מקלט 10 10,"31.252973,34.791462",08-6279768,False,משרד הבריאות
עין אל אסד,עין אל-אסד עין אל אסד ,"32.938908,35.39906",04-6980392,False,משרד הבריאות
מרום הגליל,מרום הגליל מ.א. מרום הגליל ,"0,0",04-6987898,True,משרד הבריאות
מסעדה,מסעדה מסעדה ,"33.232673,35.756898",04-6983319,False,משרד הבריאות
מג'דל שמס,מגדל שמס מג'דל שמס ,"33.2696495,35.7723526",04-6983183,False,משרד הבריאות
יסוד המעלה,יסוד המעלה יסוד המעלה ,"33.046743,35.572112",04-6937439,False,משרד הבריאות
טובא,טובא-זנגרייה טובא ,"32.96965,35.594407",04-6800924,False,משרד הבריאות
חצור ד',חצור הגלילית קריה חסידית ,"32.983925,35.545827",04-6938158,False,משרד הבריאות
מעגן מיכאל,מעגן מיכאל ד.נ מנשה ,"32.55871,34.917816",04-6399582,False,קופת חולים כללית
מי עמי,מי עמי ד.נ מנשה ,"32.504963,35.146425",04-6351048,False,קופת חולים כללית
מצפה עדי,מצפה עדי מצפה עדי ,"0,0",04-9860969,True,קופת חולים כללית
דרום א' צפת,צפת  אנילביץ ,"32.956872,35.499028",04-6970140,False,משרד הבריאות
עין קניא,עין קנייא עין קניא ,"33.2370087,35.7304612",04-6984253,False,משרד הבריאות
גפן B,ביתר עילית  חבד  2,"31.6997731,35.1119205",02-5804462,False,משרד הבריאות
קרית סביונים,יהוד החורש 4,"32.0353094,34.877471",03-5392300,False,קופת חולים כללית
הרצליה,הרצליה לנצט 6,"32.1654385,34.8419786",09-9706125,False,קופת חולים מאוחדת
טירת יהודה,טירת יהודה טירת יהודה ,"32.014449,34.938293",03-9721152,False,קופת חולים כללית
הוד השרון,הוד השרון יהושוע בן גמלא 25 א,"32.1587298,34.8955634",09-7619606,False,קופת חולים מאוחדת
מוקייבלה,מוקייבלה מוקייבלה ,"32.514807,35.296685",04-6407385,False,משרד הבריאות
נוף העמק,מגדל העמק שדרות הבנים  15,"32.67558,35.249205",04-6443808,False,משרד הבריאות
כפר חרוב,כפר חרוב  ,"31.985515,34.760635",04-6761824,False,קופת חולים כללית
עלי,עלי האורן  10,"32.0703241,35.2656435",02-9947313,False,קופת חולים מכבי
זרזיר,זרזיר זרזיר ,"32.713993,35.212801",04-6515683,False,משרד הבריאות
דבוריה,דבורייה דבוריה ,"32.693673,35.381713",04-8139425,False,משרד הבריאות
טמרה,טמרה יזרעאל כפר 'טמרה ,"32.852247,35.201315",04-6620114,False,משרד הבריאות
טייבה(בעמק),טייבה טייבה(בעמק) ,"32.266892,35.009675",04-6070069,False,משרד הבריאות
חג'אג'רה,כעביה-טבאש-חג'אג'רה חג'אג'רה ,"32.745208,35.198906",04-9531360,False,משרד הבריאות
כעבייה,כעביה-טבאש-חג'אג'רה כעבייה ,"32.75886,35.184205",04-9536668,False,משרד הבריאות
כפר תבור,כפר תבור כפר תבור ,"32.689563,35.419095",04-6766868,False,משרד הבריאות
מצר,כפר מצר כפר מצר ,"32.642324,35.421794",04-6769512,False,משרד הבריאות
קדושי מצרים,יהוד הרצל  24,"32.0347462,34.8860139",03-5365626,False,קופת חולים מאוחדת
להבים,להבים מרכז מסחרי ,"31.374504,34.809165",08-6510230,False,קופת חולים מכבי
בקוע,בקוע ד.נ שמשון ,"31.827899,34.924732",08-9251156,False,קופת חולים כללית
אימונים,אימונים ד.נ אבטח ,"32.043176,34.929698",08-8551019,False,קופת חולים כללית
מרכז בריאות טל,באר טוביה דואר באר טוביה ,"0,0",08-8581008,True,קופת חולים כללית
ביצרון,ביצרון מושב ביצרון ,"31.793818,34.726936",08-8573095,False,קופת חולים כללית
בני דרום,בני דרום ד.נ אבטח ,"31.82087,34.691609",08-8515543,False,קופת חולים כללית
רמת רחל,רמת רחל ד.נ הרי יהודה ,"31.740177,35.219548",02-6702951,False,קופת חולים כללית
כרמיאל מרכז,כרמיאל משעול הרקפות  41,"32.9167801,35.3045999",04-9900500,False,קופת חולים כללית
יבול,יבול ד. נע נגב ,"31.189458,34.318952",08-9961298,False,קופת חולים מכבי
תל ציון,תל ציון אהבת ישראל  כוכב יעקב 2,"31.8800034,35.2403211",02-9705700,False,קופת חולים כללית
רומת הייב - פרוש,רומת הייב רומת הייב - פרוש ,"0,0",04-6412470,True,משרד הבריאות
רומאנה,רומאנה רומאנה ,"32.786682,35.309063",04-6411826,False,משרד הבריאות
זלפה,זלפה זלפה ,"32.550813,35.187043",04-6420737,False,משרד הבריאות
ששת הימים,חדרה ששת הימים  20,"32.4395784,34.916013",04-6341602,False,משרד הבריאות
גוש חלב,ג'ש גוש חלב ,"33.021373,35.445743",04-6980569,False,משרד הבריאות
בוקעתה,בוקעאתא בוקעתה ,"33.204585,35.772288",04-6981183,False,משרד הבריאות
מרכז קליטה,איילת השחר קיבוץ איילת השחר (מ.קליטה) ,"0,0",04-6932855,True,משרד הבריאות
שיבלי,שבלי שיבלי ,"32.693122,35.397544",04-6765070,False,משרד הבריאות
ג'סר א,ג'סר אל זרקא ג'סר אל זרקא ,"0,0",04-6361901,True,משרד הבריאות
ג'סר ב,ג'סר אל זרקא ג'סר אל זרקא ,"0,0",04-6265165,True,משרד הבריאות
ברטעה,ברטעה ברטעה ,"32.499962,35.068632",04-6253296,False,משרד הבריאות
גבעת עדה,גבעת עדה חי ,"32.516059,35.005196",077-7850830,False,משרד הבריאות
שכון דרום,זכרון יעקב קבוץ גלויות 4,"32.5609858,34.9614314",04-6399158,False,משרד הבריאות
זכרון מושבה.,זכרון יעקב קדושי השואה 8,"32.5730968,34.9494879",077-7292549,False,משרד הבריאות
ג'ת א,ג'ת ג'ת ,"32.400767,35.037092",077-2031338,False,משרד הבריאות
ג'ת ב,ג'ת ג'ת ,"32.400767,35.037092",077-4030677,False,משרד הבריאות
גדות,גדות ד.נ גליל עליון ,"33.018208,35.619547",04-6939124,False,קופת חולים כללית
גבת,גבת ד.נ עמק יזראל ,"32.67656,35.213151",04-6549807,False,קופת חולים כללית
גבעת עוז,גבעת עוז ד.נ מגידו ,"32.555934,35.198004",04-6524888,False,קופת חולים כללית
גבעת אלה,גבעת אלה גבעת אלה ,"32.722879,35.24396",04-6515155,False,קופת חולים כללית
גבעת אבני,גבעת אבני ד.נ גליל תחתון ,"32.775382,35.436154",04-6799193,False,קופת חולים כללית
גבע,גבע דואר גבע ,"0,0",04-6535773,True,קופת חולים כללית
ברעם,ברעם ד.נ גליל עליון ,"33.058979,35.433235",04-6988119,False,קופת חולים כללית
בני יהודה,בני יהודה ד.נ בני יהודה ,"31.984347,34.759267",04-6762017,False,קופת חולים כללית
גזית,גזית ד.נ יזראל ,"32.902626,35.240948",04-6768807,False,קופת חולים כללית
גונן,גונן ד.נ גליל עליון ,"32.063929,34.805097",04-6955202,False,קופת חולים כללית
אשדוד  ז',אשדוד שמאי  5,"31.7913397,34.6666557",08-8671894,False,משרד הבריאות
גשר הזיו,גשר הזיו ד.נ גליל מערבי ,"33.040532,35.110563",04-9958458,False,קופת חולים כללית
חניתה,חניתה חניתה ,"33.086814,35.173158",04-9859688,False,קופת חולים כללית
שובל,שובל ד.נ הנגב ,"31.32197,34.928304",08-9916222,False,קופת חולים כללית
אדמית,אדמית אדמית ,"33.079458,35.212213",04-9859113,False,קופת חולים כללית
לב ביתר,לב ביתר  הרן 20,"0,0",02-5887000,True,קופת חולים כללית
עמינדב,עמינדב ד.נ. הרי יהודה 90885 ,"32.06474,34.795282",02-6438275,False,קופת חולים כללית
שדה בוקר קיבוץ,שדה בוקר ד.נ רמת הנגב ,"30.873611,34.793098",08-6560333,False,קופת חולים כללית
שדה דוד,שדה דוד ד.נ לכיש דרום ,"31.577476,34.683443",08-6848619,False,קופת חולים כללית
רמת נגב,רמת נגב ד.נ חלוצה ,"32.151622,34.842122",08-6564176,False,קופת חולים כללית
רעים,רעים ד.נ הנגב ,"31.321484,34.931205",08-9940220,False,קופת חולים כללית
אושה,אושה ד.נ כפר המכבי ,"32.796458,35.114584",04-8458579,False,קופת חולים כללית
אחיהוד,אחיהוד ד.נ משגב ,"32.907405,35.171715",04-9964570,False,קופת חולים כללית
בן-גוריון,רמלה שדרות בן-גוריון  33,"31.9226177,34.8594272",08-9248172,False,משרד הבריאות
קרית מנחם,"רמלה ""ק. מנחם, ח. לנדאו "" ","31.931566,34.872938",08-9219078,False,משרד הבריאות
רמת דן,רמלה אהרון בוגנים 11,"31.9336914,34.8523452",08-9292229,False,משרד הבריאות
דוכיפת,מודיעין הנביאים  23,"31.9124393,35.0063226",08-9707512,False,משרד הבריאות
נוה נוף,"לוד ""שכונת נווה נוף, רותם  "" 11","31.951014,34.888075",08-9255548,False,משרד הבריאות
הקשתות,רמלה אחד במאי   7,"31.9335879,34.8715499",08-9229585,False,משרד הבריאות
מודיעין,מודיעין נחל צלמון 17,"31.8918354,35.0101891",08-9751552,False,משרד הבריאות
כפר ורדים,כפר ורדים המרכז המסחרי ,"32.996927,35.274683",04-9971187,False,קופת חולים כללית
ואדי חמאם,חמאם ואדי חמאם ,"32.828069,35.490871",04-6715184,False,משרד הבריאות
הדרים,כפר סבא עמק החולה   5,"32.1793793,34.9350831",09-7664422,False,קופת חולים כללית
מרכז הילד,כפר סבא הגליל   5,"32.1741741,34.9170542",09-7658111,False,קופת חולים כללית
בארי,בארי ד.נ. הנגב 85135 ,"0,0",08-9949444,True,קופת חולים כללית
אשקלון -מרכז הילד,אשקלון הסתדרות  23,"31.6587643,34.5615604",08-6830222,False,קופת חולים כללית
קפלן,כפר סבא יחזקאל   12,"32.1842198,34.9371351",09-7656101,False,קופת חולים כללית
שקד,שקד ד.נ. מנשה ,"32.258627,34.916783",04-6350088,False,לאומית שרותי בריאות
ברכפלד,קרית ספר רבי שמעון בר יוחאי 1,"31.9382702,35.0379427",08-9770607,False,לאומית שרותי בריאות
אלומה,אלומה ד.נ שדה גת ,"32.726403,35.337354",08-6887813,False,קופת חולים כללית
אורים,אורים ד.נ הנדב ,"31.304094,34.524868",08-9920211,False,קופת חולים כללית
תלמים,תלמים ד.נ. לכיש ,"31.563416,34.671998",08-6898155,False,קופת חולים כללית
ארז,ארז ד.נ חוף אשקלון ,"31.55984,34.564889",08-6801222,False,קופת חולים כללית
אשקלון -דרום,אשקלון אסף הרופא ,"31.655709,34.583385",08-6798222,False,קופת חולים כללית
אשקלון-נאות אשקלון,אשקלון יהדות בריטניה 7,"31.6628363,34.5769376",08-6796222,False,קופת חולים כללית
גברעם,גברעם ד.נ. חוף אשקלון ,"31.591461,34.612156",08-6770422,False,קופת חולים כללית
אשקלון -העיר צפון,אשקלון הנחל קניון חוצות 1,"31.665945,34.559464",,False,קופת חולים כללית
מעלות,"רמת גן ""שדרות ק""ם "" 10","32.091633,34.879349",03-6777686,False,משרד הבריאות
שקמה,רמת גן שמעוני 8,"32.0512023,34.8177795",03-6311319,False,משרד הבריאות
לימן,לימן ד.נ גליל מערבי ,"33.058732,35.111815",04-9824236,False,קופת חולים כללית
לוחמי הגטאות,לוחמי הגטאות ד.נ אשרת ,"32.962661,35.096741",04-9933666,False,קופת חולים כללית
מעלות צפון,מעלות ירושלים  קניון הרקפות 32,"0,0",04-9573151,True,קופת חולים כללית
מעלות מרכז,מעלות בן גוריון  4,"33.0124666,35.2853595",04-9578555,False,קופת חולים כללית
מעונה,מעונה ד.נ מעונה ,"33.016894,35.263626",04-9979948,False,קופת חולים כללית
מורן,מורן ד.נ בקעת בית הכרם ,"32.921637,35.39481",04-6988997,False,קופת חולים כללית
רסקו,חולון עקיבא  4,"32.0146524,34.7879913",03-5500334,False,משרד הבריאות
שכון עממי,חולון נחלת שלום  4,"31.955364,34.763321",03-5049684,False,משרד הבריאות
תל- גיבורים,חולון חזית חמש  5,"32.0314796,34.7620797",03-5048560,False,משרד הבריאות
פרדס כץ,בני ברק מנחם בגין  46,"32.0927899,34.8314259",03-6183470,False,משרד הבריאות
ותיקים,רמת גן המרגנית  10,"32.0936886,34.8130165",03-7513783,False,משרד הבריאות
מעגל,רמת גן המעגל  24,"32.0819639,34.8132573",03-6701270,False,משרד הבריאות
חייל,רמת גן חייל  16,"32.0673427,34.8233513",03-6771286,False,משרד הבריאות
עמידר,רמת גן פומבדיתא  11,"32.0684416,34.8353637",03-6742521,False,משרד הבריאות
נריה,נריה ד.נ. מודיעין ,"32.200269,35.007777",02-9974591,False,לאומית שרותי בריאות
תחנה ה' - 'איכילוב,נתניה איכילוב   8,"32.3391303,34.8580405",09-8610904,False,משרד הבריאות
תחנה ב' ,נתניה בן אליעזר  57,"32.3185521,34.8565092",09-8652035,False,משרד הבריאות
ימה,ימה ימה ,"32.368633,35.033386",09-8743303,False,משרד הבריאות
טייבה ד',טייבה טייבה המשולש ,"32.266892,35.009675",09-7992971,False,משרד הבריאות
טייבה ב',טייבה טייבה המשולש ,"32.266892,35.009675",09-7993062,False,משרד הבריאות
טייבה א',טייבה טייבה המשולש ,"32.266892,35.009675",09-7991003,False,משרד הבריאות
קריית ארבע,קרית ארבע בנין המרכז הרפואי ק. ארבע 90100 ,"31.529326,35.115625",02-9961755,False,משרד הבריאות
צמח השדה,מעלה אדומים הצפצפה   2,"31.7672453,35.3012656",02-5352810,False,משרד הבריאות
מעלה אפרים,מעלה אפרים ד.נ. מזרח בנימין ת.ד. 1291 ,"32.071304,35.4039",02-9941199,False,לאומית שרותי בריאות
פקיעין חדשה,פקיעין ד.מ מעלה גליל ,"32.976209,35.335794",04-9573776,False,קופת חולים כללית
כוכב יעקב,כוכב יעקב ד.נ. מזרח בנימין ,"31.877755,35.245172",02-9974263,False,לאומית שרותי בריאות
כוכב השחר,כוכב השחר ד.נ. מזרח בנימין ,"31.778293,34.639649",02-9942938,False,לאומית שרותי בריאות
טלמון,טלמון ד.נ. מודיעין ,"31.939475,35.133131",02-9974661,False,לאומית שרותי בריאות
דולב,דולב ד.נ. מודיעין ,"31.795905,35.076569",02-9975990,False,לאומית שרותי בריאות
גבעת זאב,גבעת זאב הגיא  49,"31.8586914,35.171852",02-5734448,False,לאומית שרותי בריאות
צוריאל,צוריאל ד.נ.מעלה הגליל ,"0,0",04-9971557,True,קופת חולים כללית
קרית השרון,נתניה טום לנטוס 26,"32.303444,34.86961",09-8821922,False,קופת חולים כללית
טבריה תחנה ד'+ה',טבריה שדרות אלנטאון + 200 1,"32.787616,35.516016",04-6796183,False,משרד הבריאות
מעלה נבונה,מעלה לבונה ד.נ. מעלה אפרים ,"32.276653,34.885558",02-9941566,False,לאומית שרותי בריאות
"תחנה י""א - נוה דוד",נתניה הרצוג  פינת טהון  14,"32.321458,34.853196",09-8344477,False,משרד הבריאות
"י""ב - קרית נורדאו",נתניה אפשטיין פינת נתן המשורר  ,"32.28018,34.849052",09-8359939,False,משרד הבריאות
תחנה ו' - 'סלע,נתניה יוספטל   28,"32.2750303,34.9081425",09-8824926,False,משרד הבריאות
תחנה י' - 'אזורים,נתניה קרניצי   2,"32.2939748,34.8494091",09-8354334,False,משרד הבריאות
פרדסיה,פרדסייה שבזי   1,"32.2725684,34.911388",09-8945102,False,משרד הבריאות
קלנסואה א',קלנסואה קלנסואה ,"32.285344,34.985738",09-8780387,False,משרד הבריאות
"אירוסים+מרפאת חו""ל",נתניה רותם  גבעת האירוסים 129,"32.2854724,34.8505761",09-8356928,False,משרד הבריאות
כפר יונה,נתניה שרת כפר יונה 5,"32.3033585,34.9119652",09-8971168,False,משרד הבריאות
שמשית,שמשית מעיינות  3,"32.7340434,35.2469772",04-6021999,False,קופת חולים כללית
עכו קוטב,עכו שפירא  24,"32.9372266,35.0776763",04-9813650,False,קופת חולים כללית
קלנסואה ב',קלנסואה קלנסואה ,"32.285344,34.985738",09-8780271,False,משרד הבריאות
אלעד א',אלעד שמאי   4,"32.0507833,34.9498062",03-9087880,False,משרד הבריאות
צרופה,צרופה ד.נ.חוף הכרמל ,"32.647822,34.946455",04-9840667,False,קופת חולים כללית
עמקא,עמקא ד.נ אושרת ,"32.977664,35.161807",04-9966680,False,קופת חולים כללית
עכו עמידר,עכו בורלה  42,"32.9330661,35.0914398",04-9810089,False,קופת חולים כללית
עכו צפון,עכו ינוש קורצק  14,"32.9298936,35.0784735",04-9817941,False,קופת חולים כללית
נוה מונסון,נוה מונסון הפנינים  נוה אפריים 2,"0,0",03-5334673,True,קופת חולים כללית
שמשון – אשקלון,אשקלון  ההסתדרות  10,"31.6599285,34.5619344",08-6766074,False,משרד הבריאות
אשדוד  יג',אשדוד שלמה המלך  25,"31.776793,34.6470855",08-8643326,False,משרד הבריאות
נווה דקלים - אשקלון,אשקלון אקסודוס  12,"31.6761623,34.5862504",08-6780176,False,משרד הבריאות
ברנע – אשקלון אולם,אשקלון קרייתי 9,"31.6818088,34.5671968",08-6717770,False,משרד הבריאות
שדרות ב',"שדרות ""ברית ערים, נווה אשכול"" 4","0,0",08-6898171,True,משרד הבריאות
שדרות א' - M3,שדרות  משעול הגיא  10,"31.5277036,34.588757",08-6899889,False,משרד הבריאות
אופקים ג',אופקים חפץ חיים ('שכונת בן גוריון) 22,"31.306925,34.624827",08-9922621,False,משרד הבריאות
אופקים ב',אופקים שרת 4,"31.309557,34.6203775",08-9922622,False,משרד הבריאות
אילת א'+ב',"אילת ""ברנע, מרכז דקל"" ","29.557669,34.951925",08-6341071,False,משרד הבריאות
סאסא,סאסא ד.נ מרום הגליל ,"33.02866,35.394569",04-6988521,False,קופת חולים כללית
ניר יפה,ניר יפה ד.נ גלבוע ,"32.568982,35.244896",04-6591491,False,קופת חולים כללית
עין הנציב,עין הנציב ד.נ בית שאן ,"32.47071,35.501973",04-6062907,False,קופת חולים כללית
עין דור,עין דור ד.נ גליל תחתון ,"32.820047,34.994862",04-6770409,False,קופת חולים כללית
עין חרוד מאוחד,עין חרוד מאוחד דואר עין חרוד ,"0,0",04-6485310,True,קופת חולים כללית
עין חרוד איחוד,עין חרוד איחוד דואר עין חרוד ,"0,0",04-6486716,True,קופת חולים כללית
שלוחות,שלוחות ד.נ בקעה ,"32.472608,35.480488",04-6062121,False,קופת חולים כללית
הנביאים,נתניה ירמיהו   38,"32.2981211,34.8555184",09-8648800,False,קופת חולים כללית
ראש הנקרה,ראש הנקרה ד.נ גליל מערבי ,"33.093783,35.103562",04-9857484,False,קופת חולים כללית
שדמות מחולה,שדמות מחולה ד.נ הבקעה ,"32.347731,35.530587",04-6099743,False,קופת חולים כללית
גבעת השלושה,גבעת השלושה קיבוץ גבעת השלושה ,"32.101399,34.920584",03-9374900,False,קופת חולים כללית
שדה יעקב,שדה יעקב דואר שדה יעקב ,"32.69756,35.141315",04-9831247,False,קופת חולים כללית
שדה אליהו,שדה אליהו ד.נ בית שאן ,"32.441882,35.513803",04-6096500,False,קופת חולים כללית
שניר,שניר ד.נ רמת הגולן ,"32.997162,35.281128",04-6952538,False,קופת חולים כללית
כפר יובל,כפר יובל  ,"33.246577,35.597063",04-6941928,False,קופת חולים כללית
שמיר,שמיר ד.נ גליל עליון ,"31.248119,35.197475",04-6947844,False,קופת חולים כללית
מאור,מאור ד.נ מנשה ,"32.425832,35.005289",04-6372627,False,קופת חולים כללית
אלעזזמה,ביר הדאג' אלעזזמה ,"31.02316,34.709138",054-9191493,False,משרד הבריאות
אפרת,אפרת שדרות דוד המלך ,"31.661975,35.155819",02-5619888,False,קופת חולים מאוחדת
מיתר,מיתר מרכז מסחרי מיתר ,"0,0",08-6510034,True,קופת חולים מכבי
רמתיים ילדים,הוד השרון הרשות   8,"32.1591853,34.8955301",09-7481177,False,קופת חולים כללית
מגל,מגל ד.נ מנשה ,"32.487123,35.103109",04-6365965,False,קופת חולים כללית
היוגב,היוגב  ,"32.612753,35.207483",04-9893679,False,קופת חולים כללית
מרכז אבשלום,אבשלום ד.נ. הנגב 85488 ,"32.57404,34.963694",08-9985025,False,קופת חולים כללית
כסרא,כסרא כסרא ,"32.962865,35.30263",04-9873070,False,משרד הבריאות
כאוכב,כאוכב כאוכב ,"32.833021,35.247606",04-9998872,False,משרד הבריאות
כמאנה ,כמאנה כמאנה ,"32.912622,35.353202",050-6243955,False,משרד הבריאות
כפר מנדא ב,כפר מנדא כפר מנדא ,"32.807865,35.260021",04-9863614,False,משרד הבריאות
כפר מנדא ג,כפר מנדא כפר מנדא ,"32.807865,35.260021",04-9864708,False,משרד הבריאות
כפר יאסיף א' +ב',כפר יאסיף כפר יאסיף ,"32.957859,35.16436",04-9996098,False,משרד הבריאות
כפר מנדא א,כפר מנדא כפר מנדא ,"32.807865,35.260021",04-9864453,False,משרד הבריאות
כרמיאל לאומית,כרמיאל החרושת  17,"32.9211957,35.3083666",04-9583914,False,משרד הבריאות
מג'דל כרום,מג'דל כרום מג'דל כרום ,"0,0",04-9986410,True,משרד הבריאות
יהוד,יהוד צבי ישי   19,"32.0324116,34.8905336",03-5364281,False,קופת חולים כללית
גד מכנס,פתח תקוה גד מכנס  3,"32.0765313,34.8857761",03-9330232,False,משרד הבריאות
היבנר,פתח תקוה היבנר  3,"32.0802359,34.8785906",03-9220928,False,משרד הבריאות
הדר גנים,פתח תקוה מנחם בגין  50,"32.0732075,34.9068678",03-9323857,False,משרד הבריאות
"כ""ט בנובמבר","פתח תקוה ""כ""ט בנובמבר"" 1","32.0942825,34.8953218",03-9342888,False,משרד הבריאות
יוספטל,פתח תקוה קהילת פרג  5,"32.092367,34.9056084",03-9306962,False,משרד הבריאות
שיכון עובדי בלינסון,פתח תקוה פרופ' טור  5,"32.0863012,34.8697079",03-9219847,False,משרד הבריאות
קרית הרב סולומון,פתח תקוה אונטרמן  כפר אברהם 4,"32.0996197,34.899113",03-9300542,False,משרד הבריאות
ראש העין א',ראש העין שבזי  18,"32.0973507,34.9428822",03-9380807,False,משרד הבריאות
שיכון עממי,פתח תקוה החמישה  2,"32.0720649,34.8934239",03-9321292,False,משרד הבריאות
אלוני הבשן,אלוני הבשן ד.נ רמת הגולן ,"31.983722,34.766111",04-6960012,False,קופת חולים כללית
אלון הגליל,אלון הגליל אלון הגליל ,"32.759557,35.219545",04-9861614,False,קופת חולים כללית
שריד,שריד ד.נ יזרעאל ,"32.663059,35.224755",04-6546264,False,קופת חולים כללית
בקה ב,בקה בקה ,"0,0",04-6382102,True,משרד הבריאות
בקה א,בקה בקה ,"0,0",077-9235858,True,משרד הבריאות
בנימינה,בנימינה העצמאות 90,"32.5277516,34.9367673",077-7801427,False,משרד הבריאות
אורות,אור עקיבא האלון   100,"32.500905,34.925589",077-7282635,False,משרד הבריאות
בלפור,אור עקיבא בלפור ,"32.508682,34.918493",077-3361967,False,משרד הבריאות
גרנד קניון ,חיפה שמחה גולן 54,"32.7882483,35.012165",077-7878625,False,משרד הבריאות
אומשרפה,אומשרפה אומשרפה ,"0,0",04-6311954,True,משרד הבריאות
אום אלקוטוף,אום אלקוטוף אום אלקוטוף ,"0,0",04-6255906,True,משרד הבריאות
עתלית,עתלית חרוב  62,"32.68836,34.941099",04-9037300,False,קופת חולים כללית
בקה ד,בקה בקה ,"0,0",04-6280663,True,משרד הבריאות
בקה ג,בקה בקה ,"0,0",04-6382632,True,משרד הבריאות
אשדוד  ב',אשדוד סטרומה  14,"31.8041407,34.6510053",08-8523707,False,משרד הבריאות
גן יבנה,גן יבנה הרצל  42,"31.7858039,34.7079576",08-8571507,False,קופת חולים מכבי
רכסים,רכסים הרקפות  7,"32.7527317,35.100913",04-9847995,False,קופת חולים מכבי
עכו,עכו דרך הארבעה  41,"32.9281023,35.0796853",04-9851158,False,קופת חולים מכבי
אלפי מנשה,אלפי מנשה מ. מסחרי לב הישוב ,"32.170631,35.014858",09-7949200,False,קופת חולים מכבי
יבנה,יבנה גבורי החייל  1,"31.8685812,34.7426728",08-9424050,False,קופת חולים מכבי
קרית מלאכי,קרית מלאכי מנחם בגין  1,"31.7311736,34.7529155",08-8501460,False,קופת חולים מכבי
נס ציונה,נס ציונה נורדאו  31,"31.927384,34.802912",08-9408422,False,קופת חולים מכבי
סוקולוב,הרצליה סוקולוב 10,"32.1669793,34.8398731",09-9721300,False,קופת חולים מכבי
הערבה,אריאל הערבה  1,"32.1047166,35.1872407",03-9065050,False,קופת חולים מכבי
דן,דן ד.נ גליל עליון ,"32.309628,34.929208",04-6953039,False,קופת חולים כללית
דבורה,דבורה  ,"32.825177,35.078335",04-6499379,False,קופת חולים כללית
תרשיחא,מעלות תרשיחא בן גוריון  4,"33.0124666,35.2853595",04-9578555,False,קופת חולים כללית
שער העמקים,שער העמקים דואר שער העמקים ,"0,0",04-9839223,True,קופת חולים כללית
שמרת,שמרת ד.נ אושרת ,"32.95148,35.094955",04-9854790,False,קופת חולים כללית
שלומי,שלומי ז'בוטינסקי  21,"33.0737609,35.1456494",04-9808516,False,קופת חולים כללית
שבי ציון,שבי ציון דואר שבי ציון ,"32.982079,35.083005",04-9829231,False,קופת חולים כללית
רמת יוחנן,רמת יוחנן ד.נ כפר המכבי ,"32.793457,35.122208",04-8459223,False,קופת חולים כללית
רמת השופט,רמת השופט רמת השופט ,"32.608812,35.090314",04-9898222,False,קופת חולים כללית
רמות מנשה,רמות מנשה ד.נ מגידו ,"32.5833333,35.1333333",04-9895777,False,קופת חולים כללית
רכסים,רכסים כפר חסידים ,"32.746744,35.07849",04-9846511,False,קופת חולים כללית
רגבה,רגבה ד.נ אושרת ,"32.977493,35.099129",04-9529012,False,קופת חולים כללית
קרית אונו ב',קרית אונו הכלנית   4,"32.0563528,34.8636285",03-5344995,False,קופת חולים כללית
עין גדי,עין גדי ד.נ ים המלח ,"31.451191,35.383571",02-6594743,False,קופת חולים כללית
עלי,עלי ד.נ אפרים ,"32.228533,34.955199",02-9947070,False,קופת חולים כללית
מודיעין עילית קרית ספר ,מודיעין עילית קרית ספר אבני נזר  46,"31.930997,35.0395835",08-9144321,False,קופת חולים מאוחדת
נתיב הלה,נתיב הלה ד.נ האלה ,"31.687184,34.982523",02-9900220,False,קופת חולים כללית
גדרה,גדרה פינס 5,"31.8161888,34.7775563",054-6244441,False,קופת חולים מכבי
צובה,צובה ד.נ ערי יהודה ,"31.784352,35.117952",02-5347701,False,קופת חולים כללית
עפרה,עפרה ד.נ מזרח בנימין ,"31.955101,35.260324",02-9973124,False,קופת חולים כללית
פסגות,פסגות ד.נ מזרח בנימין ,"32.704743,35.322251",02-9973205,False,קופת חולים כללית
צרעה,צרעה ד.נ שמשון ,"31.762653,34.966931",02-9908520,False,קופת חולים כללית
קליה,קליה ד.נ חבל יריחו ,"0,0",02-9936255,True,קופת חולים כללית
להבים,להבים ת.ד 10 מרכז להבים ,"31.373835,34.816952",08-6681222,False,קופת חולים כללית
מרכז וורדון,לכיש ד.נ. לכיש ,"31.611735,34.770735",08-8500670,False,קופת חולים כללית
כרמיה,כרמיה ד.נ חוף אשקלון ,"31.602695,34.540413",08-6479830,False,קופת חולים כללית
להב,להב ד.נ הנגב ,"32.009095,34.802759",08-9913490,False,קופת חולים כללית
מיתר,מיתר רח' המייסדים   5,"0,0",08-9558222,True,קופת חולים כללית
שומריה,שומריה ד.נ. הנגב ,"31.432154,34.884095",08-9918129,False,קופת חולים כללית
לכיש,לכיש ד.נ לכיש דרום ,"31.611735,34.770735",08-6887976,False,קופת חולים כללית
מגן,מגן ד.נ הנגב ,"31.848633,34.836334",08-9983203,False,קופת חולים כללית
אשדוד  ח',אשדוד  מבוא העירית 3,"31.7868617,34.6506914",08-8551113,False,משרד הבריאות
משאבי שדה,משאבי שדה ד.נ. חלוצה ,"31.004042,34.785029",08-6565367,False,קופת חולים כללית
משמר הנגב,משמר הנגב ד.נ.הנגב ,"0,0",08-9911208,True,קופת חולים כללית
אום אלפחם ד,אום אלפחם שכ' מחמיד ,"0,0",04-6311597,True,משרד הבריאות
שריגים,שריגים ד.נ. שריגים שריגים  1,"31.678567,34.93509",02-9914008,False,קופת חולים כללית
הר ברכה,הר ברכה ד.נ. הר ברכה ,"32.20439,35.273201",02-9974276,False,לאומית שרותי בריאות
עמיר,עמיר ד.נ גליל עליון ,"33.178725,35.622082",04-6954242,False,קופת חולים כללית
חלמיש,חלמיש ד.נ. מודיעין ,"32.483827,34.948104",08-9232811,False,לאומית שרותי בריאות
הרצוג,הרצליה הרצוג  13,"32.168002,34.8460019",09-9727513,False,לאומית שרותי בריאות
אריאל,אריאל נחשונים 41,"32.1040989,35.1704875",03-9065800,False,לאומית שרותי בריאות
אלקנה,אלקנה א. נ. שומרון ,"0,0",03-9362801,True,לאומית שרותי בריאות
גינות שומרון,גינות שומרון האלון  5,"32.171415,35.0869011",09-7920345,False,לאומית שרותי בריאות
עמיעד,עמיעד ד.נ גליל עליון ,"31.676293,34.583784",04-6909566,False,קופת חולים כללית
יצהר,יצהר ד.נ. אפרים ,"31.738445,35.189187",02-9975726,False,לאומית שרותי בריאות
טירה,טירה המוביל הארצי  20/42,"32.236176,34.944207",09-7938833,False,לאומית שרותי בריאות
בת גלים,חיפה שרל לוץ  26,"32.8312922,34.9806423",077-3441214,False,משרד הבריאות
השילוח,חיפה השילוח  35,"32.8032638,35.00158",077-9616496,False,משרד הבריאות
חליסה,חיפה הירדן  19,"32.8014777,35.0089448",077-3238322,False,משרד הבריאות
חנה סנש,חיפה  חנה סנש  45,"32.8002327,34.999525",077-3380585,False,משרד הבריאות
יזרעאליה חיפה,חיפה  אבא הלל סילבר  8,"32.7899143,35.0118565",04-8233777,False,משרד הבריאות
נוה דוד,חיפה המלך אסא  4,"32.8093765,34.9588458",077-9610225,False,משרד הבריאות
מימון נוה שאנן,חיפה מימון 31,"32.7840282,35.0238072",077-3224721,False,משרד הבריאות
נוה סביון,נוה סביון בר לב אור יהודה 10,"0,0",03-6343401,True,קופת חולים כללית
מעלות,מעלות ירושלים  18,"33.0212881,35.2848214",04-9079107,False,קופת חולים מאוחדת
אבן יהודה,אבן יהודה המייסדים  41,"32.2694853,34.8904227",09-8917436,False,קופת חולים מאוחדת
אלון שבות,אלון שבות מגיני הגוש ,"31.652095,35.128276",02-9939775,False,קופת חולים מאוחדת
מנחם בגין,צפת שכונת מנחם בגין ,"32.97128,35.506822",04-6923769,False,משרד הבריאות
חורה ב,שכונה 9 חורה ,"31.300399,34.935688",08-6510178,False,קופת חולים כללית
דרום ב' צפת,צפת הרצל 9,"32.959617,35.495628",04-6921081,False,משרד הבריאות
משושים,קצרין המשושים 26,"32.9928237,35.686225",04-6962819,False,משרד הבריאות
מרכז קליטה כנען,צפת סביוני כנען צפת ,"32.964648,35.495997",04-6921476,False,משרד הבריאות
דרום ג' צפת,"צפת "" צה""ל "" 12","32.9603784,35.4912896",04-6974292,False,משרד הבריאות
דרום ד' צפת,"צפת ""צה""ל "" 7","32.96507,35.490319",04-6973420,False,משרד הבריאות
כנען,צפת זלמן שזר 207,"32.967084,35.505426",04-6920984,False,משרד הבריאות
כפר ויתקין,כפר ויתקין כפר ויתקין ,"32.381447,34.875713",09-8666083,False,קופת חולים כללית
נוה אליעזר,תל אביב - יפו דרך לוד    195,"32.044422,34.8135675",03-6318907,False,עיריית תל אביב
בן גוריון,כפר סבא ירושלים  26,"32.1751066,34.9056195",09-7651265,False,קופת חולים כללית
שפרינצק,קרית שמונה שפרינצק ,"32.024205,34.854925",04-6941653,False,משרד הבריאות
אילניה,אילניה ד.נ גליל תחתון ,"32.753908,35.408188",04-6766110,False,קופת חולים כללית
ביצרון,תל אביב - יפו קלמן שולמן   3,"32.049417,34.793313",03-5622894,False,עיריית תל אביב
כאבול ב,כאבול כאבול ,"32.867096,35.211864",04-9940126,False,משרד הבריאות
כאבול א,כאבול כאבול ,"32.867096,35.211864",04-9946660,False,משרד הבריאות
טמרה ד,טמרה טמרה ,"32.633154,35.401491",04-9947324,False,משרד הבריאות
טמרה ב,טמרה טמרה ,"32.633154,35.401491",04-9946760,False,משרד הבריאות
טמרה א+ה,טמרה טמרה ,"32.633154,35.401491",04-9943139,False,משרד הבריאות
חורפיש א,חורפיש חורפיש ,"33.018769,35.349138",04-9979950,False,משרד הבריאות
ירכא ב,ירכא ירכא ,"32.953664,35.213864",04-9568111,False,משרד הבריאות
נווה זאב,באר שבע יוהנה ז'בוטינסקי 30,"31.2390284,34.7742921",08-9113228,False,קופת חולים כללית
יאנוח,יאנוח יאנוח ,"32.984019,35.254788",04-9976560,False,משרד הבריאות
טמרה ו,טמרה טמרה ,"32.633154,35.401491",04-9941242,False,משרד הבריאות
ניר דוד,ניר דוד ד.נ בית שאן ,"32.504062,35.457622",04-6488909,False,קופת חולים כללית
כפר חגלה,כפר חגלה ד.נ שומרון ,"32.3518879,34.9029611",04-6365825,False,קופת חולים כללית
תחנה מרכזית,תל אביב - יפו ראשון לציון    3,"32.0568502,34.7815735",03-6871841,False,עיריית תל אביב
כפר יחזקאל,כפר יחזקאל ד.נ גלבוע ,"32.566949,35.360888",04-6531876,False,קופת חולים כללית
כפר סאלד,כפר סאלד ד.נ גליל עליון ,"33.196035,35.657993",04-6907555,False,קופת חולים כללית
קרית שלום,תל אביב - יפו הקשת    8,"32.0427402,34.7742247",03-5183167,False,עיריית תל אביב
לביא,לביא ד.נ גליל תחתון ,"32.078912,34.820185",04-6799215,False,קופת חולים כללית
להבות הבשן,להבות הבשן ד.נ גליל עליון ,"33.141387,35.645095",04-6952134,False,קופת חולים כללית
כפר קיש,כפר קיש ד.נ גליל תחתון ,"32.666087,35.44895",04-6765317,False,קופת חולים כללית
כפר רופין,כפר רופין ד.נ בית שאן ,"32.457549,35.555673",04-6068201,False,קופת חולים כללית
מגדל העמק,מגדל העמק האלה   2,"32.6769005,35.2397867",04-6447065,False,קופת חולים כללית
הזורעים,הזורעים ד.נ גליל תחתון ,"32.74814,35.499922",04-6793779,False,קופת חולים כללית
אשדוד  ג',אשדוד  חטיבת הנגב 2,"31.8039311,34.6633546",08-8522823,False,משרד הבריאות
מרכז שפירא,מרכז שפירא ד.נ לכיש צפון ,"31.696927,34.707319",08-8580540,False,קופת חולים כללית
בוסמת טבעון,בסמת טבעון בוסמת טבעון ,"32.737406,35.154557",04-9837866,False,משרד הבריאות
נוג'ידאת,בועיינה-נוג'ידאת נוג'ידאת ,"32.812755,35.374468",04-6730984,False,משרד הבריאות
אכסאל ב',אכסאל אכסאל ,"32.679391,35.322258",04-6461760,False,משרד הבריאות
בועיינה,בועיינה-נוג'ידאת בועיינה ,"32.804166,35.363107",04-6730380,False,משרד הבריאות
אום אל גאנם,אום אל-גנם אום אל גאנם ,"32.664861,35.396809",04-6769237,False,משרד הבריאות
אכסאל א',אכסאל אכסאל ,"32.679391,35.322258",04-6561450,False,משרד הבריאות
שפרעם ד,שפרעם שפרעם ,"32.805765,35.169971",04-9500784,False,משרד הבריאות
שפרעם ה,שפרעם שפרעם ,"32.805765,35.169971",04-9501717,False,משרד הבריאות
שדות ים,שדות ים ד.נ חוף הכרמל ,"32.492613,34.89315",04-6364447,False,קופת חולים כללית
מוריה,רמת השרון מוריה  31,"32.1451094,34.8372319",03-7607200,False,קופת חולים כללית
שדה נחמיה,שדה נחמיה ד.נ גליל עליון ,"33.188234,35.62307",04-6946916,False,קופת חולים כללית
מנשית זבדה,מנשית זבדה מנשית זבדה ,"32.701906,35.191531",04-6415120,False,משרד הבריאות
נעורה,נאעורה נעורה ,"32.614466,35.393234",04-6070068,False,משרד הבריאות
נין,ניין נין ,"32.635419,35.34658",04-6592103,False,משרד הבריאות
נצרת עלית א',נצרת עילית נרקיסים  14,"32.7076974,35.3169781",04-6576784,False,משרד הבריאות
נצרת עלית ג',נצרת עילית סביון (שושנים)  2 א,"32.696151,35.30952",04-6564637,False,משרד הבריאות
הר יונה,נצרת עילית עד עד  18,"32.711539,35.324812",04-6450979,False,משרד הבריאות
סנדלה,סדלה סנדלה ,"32.522449,35.32442",04-6401416,False,משרד הבריאות
סולם,סולם סולם ,"32.608813,35.3318365",04-6420289,False,משרד הבריאות
עוזיר,עוזיר עוזיר ,"32.807105,35.26571",04-6517587,False,משרד הבריאות
עפולה ב',עפולה  וולפסון  ,"32.603366,35.286843",04-6527615,False,משרד הבריאות
בית אלפא,בית אלפא ד.נ גלבוע ,"32.834215,35.057532",04-6533900,False,קופת חולים כללית
בית השיטה,בית השיטה דואר בית השיטה ,"0,0",04-6536788,True,קופת חולים כללית
בית יוסף ירדנה,בית יוסף ירדנה  ,"32.557515,35.54331",04-6588996,False,קופת חולים כללית
בית רימון,בית רימון ד.נ גליל תחתון ,"32.781845,35.327738",04-6509640,False,קופת חולים כללית
אלונים,אלונים דואר אלונים ,"0,0",04-9838111,True,קופת חולים כללית
ארבל,ארבל ד.נ גליל תחתון ,"32.171995,35.010681",04-6793879,False,קופת חולים כללית
בית שאן מ.בריאות הילד,בית שאן שכונת אליהו ,"32.497103,35.497336",04-6061200,False,קופת חולים כללית
נוף העמק,נוף העמק האיריס  מגדל העמק 5,"32.6753574,35.2525738",04-6049200,False,קופת חולים כללית
הזורע,הזורע הזורע ,"32.6438645,35.1200231",04-9899100,False,קופת חולים כללית
רוחמה,רוחמה ד.נ חוף אשקלון ,"31.497378,34.705165",08-6807100,False,קופת חולים כללית
גבעת זאב גן האיילות,גבעת זאב הארי פינת האיילות 2,"31.861189,35.167252",02-5360400,False,קופת חולים כללית
חפציבה,מודיעין עילית  ,"31.932477,35.042265",04-6534100,False,קופת חולים כללית
צופר,צופר ד.נ הערבה ,"30.559394,35.181474",08-6582030,False,קופת חולים כללית
צוחר,צוחר ד.נ הנגב ,"31.23717,34.426444",08-9118222,False,קופת חולים כללית
צאלים,צאלים ד.נ חלוצה ,"31.203909,34.533359",08-9989252,False,קופת חולים כללית
פארן,פארן ד.נ הערבה ,"30.362646,35.155149",08-6581075,False,קופת חולים כללית
רביבים,רביבים ד.נ חלוצה ,"32.090461,34.980238",08-6562520,False,קופת חולים כללית
בית זית,בית זית ד.נ. הרי יהודה 90815 ,"31.783058,35.161117",02-5346616,False,קופת חולים כללית
קרית גת מרכז הילד,קרית גת שד' העצמאות  32/37,"0,0",08-6670333,True,קופת חולים כללית
קוממיות,קוממיות ד.ה שדה גת ,"32.004087,34.747468",08-6814406,False,קופת חולים כללית
אל אטרש,אל אטרש  ,"31.264161,34.948716",054-9191684,False,משרד הבריאות
אבו כף,אום בטין אבו כף ,"31.28126,34.88403",054-9191784,False,משרד הבריאות
כנף,כנף כנף ,"32.870378,35.698964",04-6733676,False,משרד הבריאות
כפר כמא,כפר כמא כפר כמא ,"32.723045,35.439546",04-6765660,False,משרד הבריאות
אבוקרינאת,אבוקרינאת אבוקרינאת ,"31.133732,34.958617",054-9191674,False,משרד הבריאות
אום אלפחם א,אום אלפחם שכ' אגבריה - אלביר ,"0,0",04-6313938,True,משרד הבריאות
אום אלפחם ב,אום אלפחם שכ' מחאג'נה ,"0,0",04-6112303,True,משרד הבריאות
אום אלפחם ג,אום אלפחם שכ' גבארין ,"0,0",04-6312939,True,משרד הבריאות
טבריה תחנה ג',טבריה קרית משה ג' ,"32.775392,35.513858",04-6720831,False,משרד הבריאות
אום אלפחם ו,אום אלפחם עין ג'ארר ,"32.510051,35.142063",04-6114183,False,משרד הבריאות
טבריה תחנה א',טבריה גוש עציון  2,"32.7946697,35.5352022",04-6724357,False,משרד הבריאות
טבריה תחנה ב',טבריה ארליך 4,"32.7981456,35.5289967",04-6720726,False,משרד הבריאות
טבריה תחנה ז',טבריה אור החיים שכון ד' 12,"32.795859,35.530973",04-6796202,False,משרד הבריאות
יבניאל,יבנאל יבניאל ת.ד 117 ,"32.708765,35.503778",04-6780740,False,משרד הבריאות
טבריה תחנה ו',טבריה אבוחצירה שכון ד' 1068,"32.795859,35.530973",04-6796182,False,משרד הבריאות
דליה,דליה קיבוץ דליה ,"32.590926,35.075699",04-9897555,False,קופת חולים כללית
דור,דור ד.נ חוף הכרמל ,"31.614552,34.755088",04-6391254,False,קופת חולים כללית
נאות גנים,נתניה זמבה  שיכון ותיקים  2,"32.3183109,34.8863754",09-8616245,False,קופת חולים כללית
עקרון,"קרית עקרון ""חללי צה""ל   "" 4","31.857544,34.822257",08-9415004,False,קופת חולים כללית
ביתר עילית B,ביתר עילית ישמח ישראל 1,"31.7003726,35.1077061",02-5725480,False,קופת חולים מכבי
עשרת,עשרת  ,"31.824913,34.747459",08-8591766,False,קופת חולים כללית
ערוגות,ערוגות ד.נ שקמים ,"31.732798,34.77624",08-8581904,False,קופת חולים כללית
קרית מלאכי מומחים,קרית מלאכי המ.ג  14,"31.7284052,34.743063",08-8601250,False,קופת חולים כללית
מודיעין,מודיעין עמק דותן 53,"31.8994251,35.0135645",08-9735666,False,קופת חולים מכבי
אבן שמואל,אבן שמואל ד.נ שדה גת ,"31.576429,34.762963",08-6857222,False,קופת חולים כללית
אור הנר,אור הנר ד.נ חוף אשקלון ,"31.556197,34.602305",08-6802500,False,קופת חולים כללית
נאות אפקה,תל אביב - יפו למדן   20,"32.1194401,34.82284",03-6483236,False,עיריית תל אביב
חבל אילות,אילות ד.נ חבל אילות 88820 ,"29.555434,34.946357",08-6355885,False,קופת חולים כללית
נוה שרת,תל אביב - יפו פילדלפיה    6,"32.1212659,34.8405209",03-6470817,False,עיריית תל אביב
תוכנית ל',תל אביב - יפו בורלא   27,"32.1083313,34.7905628",03-6991064,False,עיריית תל אביב
בבלי,תל אביב - יפו ירושלמי    14,"32.0960586,34.8000699",03-6047653,False,עיריית תל אביב
שכונת עזרא,תל אביב - יפו טבת   15,"32.046408,34.7907562",03-6879540,False,עיריית תל אביב
מרכז הגיל הרך עג'מי,תל אביב - יפו הערמון  8,"32.0450578,34.7507521",03-6834564,False,עיריית תל אביב
משגב,משגב ד.נ משגב ,"32.918953,35.296762",04-9800180,False,קופת חולים כללית
משמר העמק,משמר העמק ד.נ משמר העמק ,"32.610063,35.142673",04-9896110,False,קופת חולים כללית
נהריה אוסישקין,נהריה יפה נוף  28,"32.9990466,35.100843",04-9824079,False,קופת חולים כללית
נהריה געתון,נהריה שד' הגעתון  38,"0,0",04-9959090,True,קופת חולים כללית
רוממה,ירושלים רח'  זיכרון יעקב  6,"31.768319,35.21371",02-5372067,False,עיריית ירושלים
עיר גנים,ירושלים רפובליקה דומיניקנית  4,"31.7561517,35.1664967",02-5798174,False,עיריית ירושלים
נהריה עמידר,נהריה ההגנה  29,"33.0210222,35.0968708",04-9922352,False,קופת חולים כללית
נופית,נופית נופית ,"32.7585154,35.1479123",04-8807535,False,קופת חולים כללית
פסגת זאב מערב,ירושלים שד' משה דיין  152,"31.768319,35.21371",02-5456459,False,עיריית ירושלים
מעלות דפנה,ירושלים  קרל נטר   42,"31.7947762,35.2248108",02-5812463,False,עיריית ירושלים
גוננים,ירושלים אלעזר הגדול 4,"31.7545171,35.2054759",02-6495666,False,עיריית ירושלים
שכונת  פת,ירושלים ברל לוקר  17,"31.7501004,35.2011402",02-5862566,False,עיריית ירושלים
בני ברית,ירושלים בני ברית   22,"31.7860391,35.2193862",02-5717935,False,עיריית ירושלים
קרניצי,רמת גן המשורר  27,"32.0575586,34.8494062",03-5349758,False,משרד הבריאות
בקעה,ירושלים יהודה  26,"31.7575586,35.2180142",02-5337498,False,עיריית ירושלים
מחנה יהודה,ירושלים   אבישר  15,"31.7857993,35.2107269",02-5456384,False,עיריית ירושלים
הראל קליטה מבשרת,מבשרת ציון דם המכבים(מרכז קליטה) 183,"31.802202,35.146697",02-5700368,False,משרד הבריאות
יהלום,מעלה אדומים כיכר קדם  ,"31.773858,35.302293",02-5352848,False,משרד הבריאות
הדס-ביתר עילית,ביתר הבאבא סאלי   10,"31.6934771,35.1123958",02-5800106,False,משרד הבריאות
טלזסטון,טלזסטון הריף  7,"0,0",02-5341815,True,משרד הבריאות
השלום,מעוז ציון החוצבים 3,"31.793372,35.145097",02-5344414,False,משרד הבריאות
היובל,בית שמש  הגליל  2,"31.7478378,34.9923222",02-9991631,False,משרד הבריאות
גבעת שרת א',בית שמש הנורית  2,"31.739029,34.9815555",02-9912582,False,משרד הבריאות
לכיש/עדן,בית שמש נחל לכיש  32,"31.7130602,34.9929347",02-9917506,False,משרד הבריאות
מעיין,בית שמש שבטי ישראל  גבעת שרת  4,"31.74092,34.988454",02-9990027,False,משרד הבריאות
סוסיא,סוסיא ד.נ. הר חברון ,"31.244051,34.77306",02-9963586,False,לאומית שרותי בריאות
עומרים,עומרים ד.נ. דרום הר חברון ,"31.88585,35.016082",08-6510430,False,לאומית שרותי בריאות
עתניאל,עתניאל ד.נ. הר חברון ,"31.6853,34.57077",02-9605505,False,לאומית שרותי בריאות
קרית מלאכי,קרית  מלאכי ז'בוטינסקי  8,"31.726849,34.7448956",08-8589888,False,לאומית שרותי בריאות
שפיים,שפיים קיבוץ שפיים ,"32.222276,34.829808",09-7523800,False,קופת חולים כללית
תל מונד,תל מונד מצדה   5,"32.254165,34.9175744",09-7961902,False,קופת חולים כללית
יבנה,יבנה שד' דואני  16,"0,0",08-9325800,True,לאומית שרותי בריאות
כרמל,כרמל ד.נ. הר חברון ,"32.809659,34.974208",08-9961094,False,לאומית שרותי בריאות
קרית גת,קרית גת מיכה  3,"31.615262,34.759496",08-6879888,False,לאומית שרותי בריאות
בית אל,בית אל ד.נ. מזרח בנימין ,"31.9416,35.222734",02-9973329,False,לאומית שרותי בריאות
נווה עמל,נווה עמל היורה  הרצליה 3,"32.1666286,34.8569896",09-9557090,False,קופת חולים כללית
מצר,מצר ד.נ מנשה ,"32.440186,35.047702",04-6387000,False,קופת חולים כללית
מענית,מענית ד.נ מנשה ,"32.457992,35.026573",04-6375333,False,קופת חולים כללית
גן שמואל,גן שמואל ד.נ חפר ,"32.452911,34.949311",04-6320003,False,קופת חולים כללית
גרנות,גרנות ד.נ מעלה יוסף ,"32.570078,34.95317",04-9806811,False,קופת חולים כללית
רשפים,רשפים ד.נ גליל תחתון ,"32.050053,34.795873",04-6065133,False,קופת חולים כללית
שדה אילן,שדה אילן ד.נ גליל תחתון ,"32.75051,35.422429",04-6760104,False,קופת חולים כללית
רמת ישי,רמת ישי רמת ישי ,"32.706899,35.172564",04-9534957,False,קופת חולים כללית
רמת צבי,רמת צבי ד.נ גלבוע ,"32.591962,35.414497",04-6532340,False,קופת חולים כללית
קצרין,קצרין מרכז קצרין ת.ד 55 ,"32.990998,35.689865",04-6961510,False,קופת חולים כללית
רמת דוד,רמת דוד דואר נהלל ,"0,0",04-6549000,True,קופת חולים כללית
קדמת צבי,קדמת צבי קדמת צבי ,"33.028822,35.697686",04-6963258,False,קופת חולים כללית
קדרים,קדרים ד.נ מרום הגליל ,"32.898886,35.471565",04-6986225,False,קופת חולים כללית
ציפורי,ציפורי ד.נ גליל תחתון ,"32.811097,35.121965",04-6464460,False,קופת חולים כללית
אשדוד  יא',אשדוד  כינרת  29,"31.7823627,34.6283519",08-8558524,False,משרד הבריאות
תל יוסף,תל יוסף ד.נ גלבוע ,"32.556704,35.398914",04-6534952,False,קופת חולים כללית
תל עדשים,תל עדשים ד.נ מגידו ,"32.657358,35.302478",04-6591871,False,קופת חולים כללית
אבן יהודה,אבן יהודה אסותא   2,"32.2708889,34.8890959",09-8999041,False,קופת חולים כללית
אחיטוב,אחיטוב ד.נ חפר ,"32.387701,34.990826",04-6258153,False,קופת חולים כללית
עין השופט,עין השופט עין השופט ,"32.597439,35.100205",04-9895229,False,קופת חולים כללית
אלון מורה,אלון מורה אילון מורה ,"32.230997,35.328579",02-9973779,False,קופת חולים כללית
אליכין,אליכין  השחף  אליכין ,"32.40691,34.923381",04-6365831,False,קופת חולים כללית
אלפי מנשה,אלפי מנשה הגלבוע  118,"32.1707223,35.0140438",09-7925227,False,קופת חולים כללית
בארותיים,בארותיים ד.נ לב השרון ,"32.321039,34.98343",09-8986366,False,קופת חולים כללית
עין המפרץ,עין המפרץ ד.נ אושרת ,"32.902581,35.09304",04-9852222,False,קופת חולים כללית
עכו חומש,עכו שלמה בן יוסף  8,"32.9269764,35.0700221",04-9911745,False,קופת חולים כללית
עין יעקוב,עין יעקב ד.נ מעלה יוסף ,"33.009312,35.229024",04-9976486,False,קופת חולים כללית
שפרעם א,שפרעם שפרעם ,"32.805765,35.169971",04-9865345,False,משרד הבריאות
שעב,שעב שעב ,"32.890435,35.241427",04-9883716,False,משרד הבריאות
שלומי,שלומי נתן אלבז 5,"33.070894,35.1452732",077-32022197,False,משרד הבריאות
ראמה,ראמה ראמה ,"32.932185,35.369042",04-9586512,False,משרד הבריאות
פקיעין א+ג',פקיעין פקיעין ,"33.012758,35.286003",04-9978002,False,משרד הבריאות
פקיעין ב',פקיעין פקיעין ,"33.012758,35.286003",04-9978002,False,משרד הבריאות
פסוטה,פסוטה פסוטה ,"33.049562,35.307991",04-9870530,False,משרד הבריאות
ערב אל נעים,ערב אל נעים ערב אל נעים ,"0,0",050-6243549,True,משרד הבריאות
גשר,גשר ד.נ עמק הירדן ,"32.621205,35.550376",04-6758777,False,קופת חולים כללית
גנוסר,גנוסר  ,"32.995436,35.682259",04-6798866,False,קופת חולים כללית
גן נר,גן נר ד.נ גלבוע ,"32.528706,35.336254",04-6400483,False,קופת חולים כללית
גיניגר,גיניגר ד.נ עמק יזראל ,"32.663419,35.259861",04-6549104,False,קופת חולים כללית
הושעיה,הושעיה  ,"32.757927,35.295225",04-6452262,False,קופת חולים כללית
דפנה,דפנה ד.נ גליל עליון ,"32.199366,34.880393",04-6945701,False,קופת חולים כללית
שפרעם ג,שפרעם שפרעם ,"32.805765,35.169971",04-9866266,False,משרד הבריאות
שפרעם ב,שפרעם שפרעם ,"32.805765,35.169971",04-9866449,False,משרד הבריאות
נאות שקמה,ראשון לציון בן סרוק  3,"31.9758298,34.7735783",03-9410904,False,משרד הבריאות
נוה חוף,ראשון לציון חיל הים  10,"31.9960708,34.7382582",03-9621636,False,משרד הבריאות
גן נחום,ראשון לציון רופין  5,"31.957933,34.8028255",03-9657722,False,משרד הבריאות
נאות אשלים,ראשון לציון התזמורת  30,"31.9665466,34.775504",03-9412574,False,משרד הבריאות
מזכרת בתיה,מזכרת בתיה הרקפת  3,"31.8591516,34.8425299",08-9340341,False,משרד הבריאות
בית מעון,ראשון לציון גורדון  24,"32.0114874,34.765766",03-9652211,False,משרד הבריאות
ראש העין ד',ראש העין ה' באייר  פינת בזק 2 22,"32.094763,34.972452",03-9021186,False,משרד הבריאות
מזור,מזור מושב מזור ,"32.0506754,34.9221908",03-9327885,False,קופת חולים כללית
מתן,מתן הדר   84,"32.1592009,34.9729041",03-9024163,False,קופת חולים כללית
נחלים,נחלים נחלים ,"32.063802,34.908627",03-9093398,False,קופת חולים כללית
נחשונים,נחשונים קיבוץ נחשונים ,"32.06735,34.944774",03-9386474,False,קופת חולים כללית
קדמת ראשון,ראשון לציון יואל סגל  6,"31.9706913,34.8135998",03-9468648,False,משרד הבריאות
שועלי,רעננה אליזר יפה   8,"32.1821195,34.875309",09-7477979,False,קופת חולים כללית
קיבוץ סעד,קיבוץ סעד קיבוץ סעד מיקוד 85140 ,"31.47375,34.533243",08-6800412,False,קופת חולים מכבי
גדרה,גדרה מנחם בגין  14,"31.8025752,34.7838518",08-8681165,False,קופת חולים כללית
עין נקובה,עין נקובה ככר המסגד ,"0,0",02-5332435,True,משרד הבריאות
ותיקים,נתניה אונטרמן 7,"32.3098742,34.879363",09-8873774,False,משרד הבריאות
ריינה א',ריינה ריינה ,"32.722501,35.31532",04-6577003,False,משרד הבריאות
עין מאהל ב',עין מאהל עין מאהל ,"32.723224,35.352582",04-6455537,False,משרד הבריאות
עטרת,עטרת ד.נ. מודיעין ,"33.006966,35.600764",08-9215479,False,לאומית שרותי בריאות
אשדוד  ד',אשדוד  השייטים  14,"31.7995144,34.6413928",08-8551181,False,משרד הבריאות
ספפרה,נצרת צומת קשלה ,"32.699635,35.303546",04-6565301,False,משרד הבריאות
כרום - נצרת,נצרת שכ' כרום ,"32.699635,35.303546",04-6556939,False,משרד הבריאות
חורש,נצרת שכ' מזרחית ,"32.699635,35.303546",04-6552680,False,משרד הבריאות
תאופיק זיאד,נצרת שכ' מזרחית נצרת ,"32.699635,35.303546",04-6012066,False,משרד הבריאות
עראמשה,עראמשה עראמשה ,"33.083193,35.224084",04-9807429,False,משרד הבריאות
ביר אלאמיר,נצרת שכ' ביר אל אמיר ,"32.699635,35.303546",04-6453612,False,משרד הבריאות
עין מאהל א',עין מאהל עין מאהל ,"32.723224,35.352582",04-6470884,False,משרד הבריאות
עילוט,עילוט עילוט ,"32.717382,35.271342",04-6461702,False,משרד הבריאות
נס ציונה,נס ציונה השייטת 4,"31.930579,34.791159",08-9377660,False,קופת חולים מאוחדת
הר אדר,הר אדר האלון  239,"31.825121,35.133598",02-5706444,False,קופת חולים כללית
ביתר מקצועית,ביתר רבי עקיבא  5,"31.6974448,35.1217429",02-5887555,False,קופת חולים כללית
ביתר הגבעה,ביתר הגבעה המגידממזריטש  30,"0,0",02-5800360,True,קופת חולים כללית
בקעות +רועי,בקעות +רועי ד.נ מזרח בנימין ,"0,0",02-9941811,True,קופת חולים כללית
גבעת זאב,גבעת זאב  המכבים  48,"31.8643615,35.1676988",02-5360444,False,קופת חולים כללית
אלון שבות,אלון שבות מרכז מסחרי אלון שבות ,"0,0",02-9931467,True,קופת חולים כללית
אלמוג,אלמוג ד.נ. ערבות הירדן ,"32.38441,34.877422",02-9945222,False,קופת חולים כללית
אפרת,אפרת רח' התאנה אפרת ,"0,0",02-9931955,True,קופת חולים כללית
בית אל,בית אל ד.נ.מזרח בנימין ,"0,0",02-9975318,True,קופת חולים כללית
מג'אר מנסורה,מגאר מג'אר ,"32.890482,35.407665",04-6783265,False,משרד הבריאות
מג'אר מערבית,מגאר מג'אר ,"32.890482,35.407665",04-6781165,False,משרד הבריאות
מג'אר צפונית,מגאר מג'אר ,"32.890482,35.407665",04-6784630,False,משרד הבריאות
מגדל + ליבנים,מגדל מגדל ,"32.839271,35.498943",04-6720742,False,משרד הבריאות
מג'אר ג'משה,מגאר מג'אר ,"32.890482,35.407665",04-6780249,False,משרד הבריאות
מג'אר מרכזית,מגאר מג'אר ,"32.890482,35.407665",04-6786132,False,משרד הבריאות
מג'אר ראסאלכביה,מגאר מג'אר ,"32.890482,35.407665",04-6781059,False,משרד הבריאות
יתיר,יתיר בית יתיר ,"0,0",02-9960148,True,קופת חולים מכבי
עילבון,עיילבון עילבון ,"32.838541,35.398486",04-6784544,False,משרד הבריאות
מנחמיה,מנחמיה מנחמיה ,"32.665983,35.555817",04-6752539,False,משרד הבריאות
שילה,שילה ד.נ הרי אפרים ,"32.090031,34.960112",02-9941169,False,קופת חולים כללית
אל עסאם,אעצם אל עסאם ,"0,0",054-9191483,True,משרד הבריאות
אל הוואשלה,קצר א-סר אל הוואשלה ,"0,0",054-3124625,True,משרד הבריאות
רהט ד',רהט שכונה 8 8,"31.393018,34.766697",08-9910613,False,משרד הבריאות
רהט ג',רהט שכונה 24 בית 152 24/152,"32.967585,35.541864",08-9910246,False,משרד הבריאות
תל-שבע,תל שבע שכונה 2- מגרש 901 2/901,"31.253103,34.858533",054-7302434,False,משרד הבריאות
שגב שלום,שגב שלום שגב שלום ,"31.203665,34.840538",08-6230762,False,משרד הבריאות
ערד ב',ערד הקנאים  43,"31.2587815,35.2056555",08-9950989,False,משרד הבריאות
ערד א',ערד חן  21,"31.2581961,35.2120719",08-9957029,False,משרד הבריאות
רהט ב',רהט שכונה 17 17,"31.390336,34.739518",08-9918334,False,משרד הבריאות
רהט א',רהט שכונה  7,"31.39479,34.763631",08-9918333,False,משרד הבריאות
כוכב מיכאל,כוכב מיכאל ד.נ לכיש דרום ,"31.631482,34.667794",08-6728746,False,קופת חולים כללית
יד מרדכי,יד מרדכי ד.נ חוף אשקלון ,"31.586963,34.5575",08-6720507,False,קופת חולים כללית
חצרים,חצרים ד.נ הנגב ,"31.320491,34.93298",08-6473339,False,קופת חולים כללית
דריג'את,דריג'את  ,"31.301885,35.076793",054-9191694,False,משרד הבריאות
זיקים,זיקים ד.נ חוף אשקלון ,"31.607204,34.520968",08-6746504,False,קופת חולים כללית
זבדיאל,זבדיאל ד.נ שדה גת ,"31.65756,34.759336",08-8580301,False,קופת חולים כללית
הודיה,הודיה ד.נ שדה גת ,"31.785346,34.69578",08-6723635,False,קופת חולים כללית
דורות,דורות ד.נ חוף אשקלון ,"31.507207,34.645725",08-6808844,False,קופת חולים כללית
כפר עזה,כפר עזה ד.נ הנגב ,"31.483416,34.532291",08-6809777,False,קופת חולים כללית
כיסופים,כיסופים ד.נ הנגב ,"31.738277,34.633535",08-9928800,False,קופת חולים כללית
רכסים,רכסים הרב קוק  3,"32.7483929,35.1005368",04-9847493,False,לאומית שרותי בריאות
איילת השחר,איילת השחר ד.נ גליל עליון ,"33.021115,35.576732",04-6923222,False,קופת חולים כללית
אמציה,אמציה אמציה ,"31.534023,34.912822",08-6882355,False,לאומית שרותי בריאות
איתמר,איתמר ד.נ. לב השומרון ,"32.089658,34.806906",02-9974359,False,לאומית שרותי בריאות
אחוזת ברק,אחוזת ברק אחוזת ברק ,"32.6436161,35.3374094",04-6421420,False,קופת חולים כללית
שער בנימין,שער בנימין פאר תעשיות ,"0,0",02-9978111,True,לאומית שרותי בריאות
תל ציון,תל ציון אהבת אמת  19/8,"31.8802223,35.239359",02-9709456,False,לאומית שרותי בריאות
קרית ספר,קרית ספר שדה חמד  32,"31.9321781,35.0409758",08-9740960,False,לאומית שרותי בריאות
שילה,שילה ד.נ. אפרים ,"32.090031,34.960112",02-9941293,False,לאומית שרותי בריאות
קצרין,קצרין אודם  7,"32.9935164,35.6870922",04-6961354,False,לאומית שרותי בריאות
אלומות,אלומות ד.נ גליל תחתון ,"31.272649,34.836419",04-6750802,False,קופת חולים כללית
יוקנעם,יוקנעם הרדופים  20,"32.6496354,35.0958536",04-9091900,False,לאומית שרותי בריאות
מעלה נטופה,מעלה נטופה ד.נ. גליל תחתון ,"0,0",04-6784729,True,לאומית שרותי בריאות
דליה ג',דלית אל כרמל דלית אל כרמל ,"0,0",04-8396450,True,משרד הבריאות
דליה ב',דלית אל כרמל דלית אל כרמל ,"0,0",04-8395511,True,משרד הבריאות
אחוזה,חיפה מרגלית  1,"32.7956491,34.9837758",073-7941599,False,משרד הבריאות
חואלד,חואלד חואלד ,"32.772013,35.137228",050-6242542,False,משרד הבריאות
כרכור,פרדס חנה-כרכור המייסדים  1,"32.4683656,34.9899537",077-9400704,False,משרד הבריאות
הדר,פרדס חנה-כרכור שכונת גאולה ,"32.476329,34.976067",04-6378940,False,משרד הבריאות
פרדיס ב,פרדיס פרדיס ,"0,0",04-6291096,True,משרד הבריאות
פרדיס א,פרדיס פרדיס ,"0,0",077-9511745,True,משרד הבריאות
שערי תקוה,שערי תקוה יהלום - שערי תקווה ,"0,0",03-9362925,True,קופת חולים כללית
דגניה,"נתניה ""דגנית, קריית השרון"" 92","32.321458,34.853196",09-8322714,False,משרד הבריאות
אדמונד פלג,חיפה אדמונד פלג  16,"32.8235889,34.9706821",077-2019181,False,משרד הבריאות
קדמה,רמת השרון בית הילל  6,"32.1355608,34.8525934",03-5493876,False,קופת חולים כללית
יואל,בני ברק יואל  18,"32.0901928,34.8365277",03-6185662,False,משרד הבריאות
חפץ חיים,בני ברק חפץ חיים  7,"32.0845835,34.8327929",03-6188551,False,משרד הבריאות
חלץ,חלץ ד.נ חוף אשקלון ,"31.57794,34.658391",08-6892798,False,קופת חולים כללית
כפר הרואה,כפר הרואה ד.נ עמק חפר ,"32.391037,34.910917",04-6365431,False,קופת חולים כללית
מרכז קרית שמונה,קרית שמונה ארזים ,"32.006962,34.78582",04-6902333,False,משרד הבריאות
מרים כולל עג'ר,קרית שמונה הלבנון  4,"33.2213713,35.572138",04-6940481,False,משרד הבריאות
הורדים,קרית שמונה מנחם בגין - 'שכונת הורדים ,"33.207933,35.570246",04-6959194,False,משרד הבריאות
ריחניה,ריחנייה ריחניה ,"0,0",04-6990192,True,משרד הבריאות
ראש פינה,ראש פינה עמיקם שמאי  126,"32.9654395,35.5459525",04-6934332,False,משרד הבריאות
הרצוג,בני ברק הרצוג  20,"32.0348565,34.8447566",03-6162730,False,משרד הבריאות
אזור,חולון משה שרת  73,"32.0041601,34.7916414",03-5586874,False,משרד הבריאות
ואדי סלאמה,ואדי סלאמה ואדי סלאמה ,"0,0",04-6783430,True,משרד הבריאות
חוסניה,חוסניה חוסניה ,"0,0",050-6242780,True,משרד הבריאות
מרחביה קיבוץ,מרחביה קיבוץ ד.נ יזרעאל ,"32.605823,35.307384",04-6598800,False,קופת חולים כללית
ג'דידה-מכר,ג'דידה-מכר ג'דידה-מכר ,"32.933388,35.140976",04-9562572,False,משרד הבריאות
ג'וליס,ג'ולס ג'וליס ,"32.943965,35.182355",04-9562682,False,משרד הבריאות
ג'ת,ג'ת ג'ת ,"32.400767,35.037092",04-9804645,False,משרד הבריאות
דיר חנא א,דייר חנא דיר חנא ,"32.862139,35.369229",04-6780616,False,משרד הבריאות
דיר חנא ב,דייר חנא דיר חנא ,"32.862139,35.369229",04-6783224,False,משרד הבריאות
דיר אל אסד א,דיר אל אסד דיר אל אסד ,"32.934785,35.269721",04-9881056,False,משרד הבריאות
דיר אל אסד ב',דיר אל אסד דיר אל אסד ,"32.934785,35.269721",04-9081248,False,משרד הבריאות
דנון,דנון דנון ,"32.993519,35.146841",04-9820904,False,משרד הבריאות
אייל,אייל ד.נ שרון תיכון ,"31.751444,35.182185",09-7639100,False,קופת חולים כללית
כפר גלעדי,כפר גלעדי ד.נ גליל עליון ,"32.058801,34.770303",04-6946385,False,קופת חולים כללית
כפר בלום,כפר בלום ד.נ גליל עליון ,"33.172527,35.607938",04-6948527,False,קופת חולים כללית
כפר זיתים,כפר זיתים ד.נ גליל תחתון ,"32.811614,35.465165",04-6793794,False,קופת חולים כללית
מלכיה,מלכיה ד.נ מרום גליל ,"33.098589,35.509624",04-6943698,False,קופת חולים כללית
מירב,מירב ד.נ גלבוע ,"32.452041,35.422479",04-6539155,False,קופת חולים כללית
מחניים,מחניים ד.נ גליל עליון ,"32.988845,35.570375",04-6933777,False,קופת חולים כללית
כפר החורש,כפר החורש ד.נ כפר החורש ,"32.701549,35.272956",04-6558444,False,קופת חולים כללית
מזרע,מזרע  ,"32.649879,35.286404",04-6429809,False,קופת חולים כללית
מולדת,מולדת ד.נ גלבוע ,"32.168311,34.859429",04-6532294,False,קופת חולים כללית
מגן שאול,מגן שאול ד.נ גלבוע ,"32.521471,35.306431",04-6400115,False,קופת חולים כללית
מגידו,מגידו ד.נ מגיכו ,"31.243585,34.7721",04-6525742,False,קופת חולים כללית
יראון,יראון ד.נ מרום הגליל ,"32.991494,35.685034",04-6868312,False,קופת חולים כללית
מרום גולן (אזורית),מרום גולן ד.נ רמת הגולן ,"31.983017,34.761756",04-6960114,False,קופת חולים כללית
מסד,מסד ד.נ גליל תחתון ,"32.844172,35.423166",04-6784814,False,קופת חולים כללית
יפתח,יפתח ד.נ גליל עליון ,"32.057341,34.797855",04-6952612,False,קופת חולים כללית
כנרת קבוצה,כנרת קבוצה  ,"32.713059,35.564457",04-6759205,False,קופת חולים כללית
כנרת מושבה,כנרת מושבה ד.נ עמק הירדן ,"32.722462,35.568903",04-6750432,False,קופת חולים כללית
הנוטרים,רעננה הנוטרים ,"32.183785,34.86555",09-7707111,False,קופת חולים כללית
עין הבשור,עין הבשור מושב עין הבשור ,"31.281997,34.432956",08-9982228,False,קופת חולים מכבי
ארלוזורוב,חיפה ארלוזורוב  92,"32.8081022,34.9932574",04-8623110,False,משרד הבריאות
כרמיאל,כרמיאל חבצלת  3,"32.9082717,35.2986933",04-9027222,False,קופת חולים מכבי
משגב,משגב מ.אזורית משגב ,"0,0",04-9800380,True,קופת חולים מכבי
אורנית,אורנית מרכז מסחרי  1,"32.131924,34.99081",03-7214100,False,קופת חולים מכבי
עלומים,עלומים ד.נ הנגב ,"32.063601,34.821905",08-9937280,False,קופת חולים כללית
ענתות,קרית גת ענתות  1/10,"31.6122175,34.7554079",08-6817411,False,קופת חולים כללית
אריאל,אריאל אורי בר און   4,"32.104813,35.1760166",03-9366558,False,קופת חולים כללית
מגדיאל - הוד השרון,הוד השרון חנקין   14,"32.160023,34.9045974",09-7601559,False,קופת חולים כללית
תקוע,תקוע ד.נע צפון יהודה 90908 ,"32.047819,34.808871",02-9961391,False,קופת חולים מכבי
המעורר,גבעתים המעורר  24,"32.0770369,34.8080469",03-6721151,False,קופת חולים כללית
ניר עוז,ניר עוז ד.נ הנגב ,"31.309697,34.402075",08-9983777,False,קופת חולים כללית
ניר עם,ניר עם ד.נ חוף אשקלון ,"31.518459,34.580544",08-6809977,False,קופת חולים כללית
נירים,נירים ד.נ הנגב ,"31.304094,34.524868",08-9985489,False,קופת חולים כללית
נתיב העשרה,נתיב העשרה ד.נ חוף אשקלון ,"31.572407,34.539322",08-6891848,False,קופת חולים כללית
ספיר,ספיר ד.נ הערבה ,"32.785085,35.51969",08-6592223,False,קופת חולים כללית
עידן,עידן ד.נ הערבה ,"30.806291,35.299946",08-6581033,False,קופת חולים כללית
עין השלושה,עין השלושה ד.נ הנגב ,"31.351722,34.403471",08-9985704,False,קופת חולים כללית
עין יהב,עין יהב ד.נ הערבה ,"30.658757,35.239656",08-6581073,False,קופת חולים כללית
רעות,רעות מרכז מסחרי רעות ,"31.885983,35.017594",08-9263613,False,קופת חולים כללית
פרשני,רחובות פרשני    8,"31.8878965,34.8246461",08-9459553,False,משרד הבריאות
בתיה מקוב,רחובות בתיה מקוב  16,"31.8911154,34.8106092",08-9451804,False,משרד הבריאות
אושיות,רחובות טרומפלדור   6,"31.8798796,34.8194136",08-9410952,False,משרד הבריאות
אהרוני,רחובות אהרוני  21,"31.9007001,34.8139442",08-9466544,False,משרד הבריאות
שיבת ציון,ראשון לציון שיבת ציון  4,"31.9620197,34.8116629",03-9659665,False,משרד הבריאות
שכון המזרח,ראשון לציון עזרא  39,"31.9519317,34.8226688",03-9455566,False,משרד הבריאות
הנחשול,ראשון לציון הנחשול  26,"31.9871088,34.7841643",03-9657722,False,משרד הבריאות
רוזנברג,ראשון לציון הרב טולדנו  4,"31.9714017,34.803407",03-9650123,False,משרד הבריאות
קרית גנים,ראשון לציון שדה נחום  16,"31.963936,34.7795103",03-9622236,False,משרד הבריאות
כוכב יאיר,כוכב יאיר מרכז מסחרי ,"32.232288,34.954399",09-7499700,False,לאומית שרותי בריאות
תל ציון,תל ציון אהבת ישראל  2,"31.8800034,35.2403211",02-9971360,False,קופת חולים מאוחדת
מצפה יריחו,מצפה יריחו ד.נ. ערבות הירדן ,"31.815688,35.395409",02-5906330,False,קופת חולים מאוחדת
גדרה,גדרה מנחם בגין  48,"31.8042086,34.7843563",08-8594810,False,קופת חולים מאוחדת
המייסדים,כפר סבא ויצמן (בבית יתיר) 42,"32.178195,34.90761",09-7423420,False,קופת חולים מאוחדת
קרית עקרון,קרית עקרון אלי כהן  9,"31.862946,34.821457",08-9372104,False,קופת חולים מאוחדת
העצמאות,גן יבנה העצמאות  8,"31.7894333,34.7140094",08-8687113,False,קופת חולים מאוחדת
בית שאן,בית שאן שאול המלך 61,"32.5045095,35.4933088",04-6481180,False,קופת חולים מכבי
עפולה עלית א',עפולה עלית יצחק שדה  1,"32.610493,35.287922",04-6490467,False,משרד הבריאות
יוקנעם,יוקנעם שדרות רבין 9,"32.646539,35.094443",04-9936100,False,קופת חולים מכבי
משואות יצחק,משואות יצחק ד.נ שדה גת ,"31.70261,34.689968",08-8607314,False,קופת חולים כללית
ניר גלים,ניר גלים ד.נ אבטח ,"31.82552,34.68254",08-8510020,False,קופת חולים כללית
ברכפלד,מודיעין עילית רבי עקיבא   3,"31.9397853,35.0386318",08-9741988,False,קופת חולים כללית
דרוקר,עפולה גבעת המורה שכונת דרוקר ,"32.610493,35.287922",04-6596887,False,משרד הבריאות
כרמי יוסף,כרמי יוסף כרמי יוסף ,"31.846248,34.919592",08-9286006,False,קופת חולים כללית
מבוא חורון,מבוא חורון ד.נ שמשון ,"31.849598,35.034977",08-9726782,False,קופת חולים כללית
יד בינימין,יד בינימין ד.נ עמק שורק ,"31.796685,34.82037",08-8591138,False,קופת חולים כללית
כפר גבירול,כפר גבירול יונתן  רחובות 9,"0,0",08-9474255,True,קופת חולים כללית
קריית גת,קרית גת  העצמאות  64,"31.6090187,34.7683079",08-6602611,False,קופת חולים מכבי
נס ציונה,"נס ציונה ""האירוסים , מגדלי הקניוטר"" 53","31.932111,34.801327",08-9408277,False,קופת חולים כללית
נען,נען קיבוץ מען ,"0,0",08-9442821,True,קופת חולים כללית
קרית טבעון,קרית טבעון החורש  2,"32.7217549,35.130261",04-9832976,False,משרד הבריאות
קרית חיים מזרחית,קרית חיים השירה  46,"32.8218896,35.0724174",04-8417830,False,משרד הבריאות
טמרה ג,טמרה טמרה ,"32.633154,35.401491",04-9948759,False,משרד הבריאות
אלון 'קרית ים א',קרית ים אלון  3,"32.842214,35.065251",077-9616784,False,משרד הבריאות
קדיש לוז,קרית מוצקין  קדיש לוז  55,"32.8460551,35.0898912",077-2259145,False,משרד הבריאות
קרית ים צפון,קרית ים  ירושלים  71,"32.8499964,35.0764808",077-9400329,False,משרד הבריאות
קרית עמל,"קרית עמל ""ע""י קולנוע זהר"" ","0,0",077-2030426,True,משרד הבריאות
חיבת ציון,קרית מוצקין חשמונאים  40,"32.842068,35.0789975",077-9525795,False,משרד הבריאות
אבו גוש,אבו גוש הפול   17,"31.8059723,35.1079105",02-5342763,False,משרד הבריאות
תל חנן,נשר ברק  9,"32.7690105,35.0471043",077-7911155,False,משרד הבריאות
יחיעם,יחיעם ד.נ מעלה הגליל ,"33.007437,35.104214",04-9856000,False,קופת חולים כללית
יגור,יגור יגור ,"32.741062,35.078664",04-9848119,False,קופת חולים כללית
מכמש,מכמש ד.נ. מזרח בנימין ,"31.878383,35.306382",02-5352851,False,לאומית שרותי בריאות
נהריה טרומפלדור,נהריה זמנהוף  2,"33.0237013,35.1083068",04-9822712,False,קופת חולים כללית
חצור ב',חצור הגלילית הנשיא ויצמן ,"32.977833,35.541604",04-6937375,False,משרד הבריאות
נהריה יוספטל,נהריה השרון  15,"33.0061377,35.1034351",04-9821292,False,קופת חולים כללית
אלקנה,אלקנה מרכז מסחרי אלקנה ,"0,0",03-9363184,True,קופת חולים כללית
נתיבות ג',נתיבות הרב צבאן ,"31.417546,34.581189",08-9931213,False,משרד הבריאות
רהט ה',רהט  ,"31.394548,34.753934",08-6217963,False,משרד הבריאות
נתיבות ב',נתיבות אלפסי ,"31.426292,34.599754",08-9932833,False,משרד הבריאות
מצפה רמון,מצפה רמון נחל גרופית ,"30.607375,34.803426",08-6588773,False,משרד הבריאות
ביר הדאג',ואדי אלנעם ואדי אלנעם ,"0,0",050-6211789,True,משרד הבריאות
מבועים,מבועים מבועים ,"31.446446,34.654165",08-9930061,False,משרד הבריאות
שחמון,אילת אילת ,"29.509288,34.921023",08-6317236,False,משרד הבריאות
דימונה ה',דימונה הנצחון א' ,"0,0",08-6553750,True,משרד הבריאות
ירוחם,ירוחם צבי בורשטיין ,"30.987806,34.928828",08-6580161,False,משרד הבריאות
נחשולים,נחשולים ד.נ חוף הכרמל ,"32.61309,34.92225",04-6395500,False,קופת חולים כללית
אשדוד  ה',אשדוד נאות ספיר  13,"31.7989386,34.6469903",08-8552544,False,משרד הבריאות
ניר עציון,ניר עציון ד.נ חוף הכרמל ,"32.699125,34.992526",04-9845710,False,קופת חולים כללית
רמות  02,ירושלים ראובן מס  131/25,"31.810772,35.197572",02-5484222,False,עיריית ירושלים
א- טור,ירושלים סלימאן אל פרסי  13,"31.768319,35.21371",02-6261314,False,עיריית ירושלים
שיך ג'ראח,ירושלים שיך ג'ראח מרכז רפואי ,"31.768319,35.21371",02-5417666,False,עיריית ירושלים
רמת שלמה,ירושלים חזון איש  33,"31.8084221,35.220135",02-5489555,False,עיריית ירושלים
שועפט מ'ס,ירושלים כביש ראשי ,"31.768319,35.21371",02-5327768,False,עיריית ירושלים
גבעת שאול,ירושלים  עמרם גאון  7,"31.7907632,35.1928461",02-6549444,False,עיריית ירושלים
רמות  01,ירושלים צפרירים  18,"31.658406,34.945287",02-5860838,False,עיריית ירושלים
סנהדריה,ירושלים סנהדריה המורחבת 102,"31.768319,35.21371",,False,עיריית ירושלים
צור באחר,ירושלים צור באחר-בית עלי אבו אחמד  71,"31.768319,35.21371",02-6733912,False,עיריית ירושלים
קרית הילד,ירושלים   סורוצקין  40,"31.7989753,35.2064096",02-5793345,False,עיריית ירושלים
לב הפארק,רעננה הנוטרים  ,"32.183785,34.86555",09-7707104,False,קופת חולים כללית
בית הכרם,ירושלים  התומר  4,"31.7798427,35.1863894",02-6582111,False,עיריית ירושלים
בית  וגן,ירושלים הפסגה   42,"31.7665236,35.1838172",02-5713236,False,עיריית ירושלים
רמת אשכול,ירושלים ככר זלמן ארן ,"31.768319,35.21371",02-5826935,False,עיריית ירושלים
נוה יעקב מרכז,ירושלים  לאה גולדברג  3,"31.8419433,35.2406546",02-5833625,False,עיריית ירושלים
רמות  03,ירושלים  אידלסון   325/32,"31.768319,35.21371",02-5484888,False,עיריית ירושלים
קרית יובל,ירושלים גואטמלה  20,"31.7559041,35.1784206",02-5712769,False,עיריית ירושלים
גילה  א',ירושלים  המור  3,"31.7338971,35.1998105",02-6465111,False,עיריית ירושלים
תלפיות מזרח,ירושלים  יעקב וייס  4,"31.7500586,35.238738",02-6716575,False,עיריית ירושלים
